"","results_7..2..","results_7..3.."
"1",0.00333333333333333,"0"
"2",0,"0"
"3",0,"0"
"4",0,"0"
"5",0,"0"
"6",0.00333333333333333,"0"
"7",0,"0"
"8",0.00333333333333333,"0"
"9",0.00111111111111111,"0"
"10",0,"0"
"11",0,"0"
"12",0,"0"
"13",0,"0"
"14",0,"0"
"15",0.0133333333333333,"0"
"16",0.0488888888888889,"0"
"17",0.00555555555555556,"0"
"18",0.04,"0"
"19",0.0388888888888889,"0"
"20",0,"0"
"21",0,"0"
"22",0,"0"
"23",0,"0"
"24",0,"0"
"25",0,"0"
"26",0.00333333333333333,"0"
"27",0.00444444444444444,"0"
"28",0.0177777777777778,"0"
"29",0,"0"
"30",0,"0"
"31",0.00111111111111111,"0"
"32",0,"0"
"33",0,"0"
"34",0.00333333333333333,"0"
"35",0,"0"
"36",0.00111111111111111,"0"
"37",0.00111111111111111,"0"
"38",0,"0"
"39",0,"0"
"40",0.00111111111111111,"0"
"41",0.0822222222222222,"0"
"42",0.00111111111111111,"0"
"43",0.00222222222222222,"0"
"44",0.00333333333333333,"0"
"45",0,"0"
"46",0,"0"
"47",0,"0"
"48",0.00555555555555556,"0"
"49",0,"0"
"50",0,"0"
"51",0,"0"
"52",0,"0"
"53",0,"0"
"54",0.0433333333333333,"0"
"55",0.0155555555555556,"0"
"56",0.00111111111111111,"0"
"57",0.0155555555555556,"0"
"58",0,"0"
"59",0,"0"
"60",0.00333333333333333,"0"
"61",0,"0"
"62",0,"0"
"63",0.00111111111111111,"0"
"64",0,"0"
"65",0,"0"
"66",0,"0"
"67",0,"0"
"68",0,"0"
"69",0,"0"
"70",0.00222222222222222,"0"
"71",0.00555555555555556,"0"
"72",0,"0"
"73",0,"0"
"74",0.00666666666666667,"0"
"75",0.00888888888888889,"0"
"76",0.06,"0"
"77",0.0111111111111111,"0"
"78",0.0222222222222222,"0"
"79",0.0222222222222222,"0"
"80",0.0322222222222222,"0"
"81",0.00888888888888889,"0"
"82",0,"0"
"83",0.00111111111111111,"0"
"84",0,"0"
"85",0.00111111111111111,"0"
"86",0,"0"
"87",0.00444444444444444,"0"
"88",0.00777777777777778,"0"
"89",0.0111111111111111,"0"
"90",0.00222222222222222,"0"
"91",0,"0"
"92",0,"0"
"93",0,"0"
"94",0.00111111111111111,"0"
"95",0,"0"
"96",0,"0"
"97",0.00777777777777778,"0"
"98",0,"0"
"99",0,"0"
"100",0,"0"
"101",0,"0"
"102",0.00777777777777778,"0"
"103",0.00444444444444444,"0"
"104",0.0577777777777778,"0"
"105",0.01,"0"
"106",0.00777777777777778,"0"
"107",0.00222222222222222,"0"
"108",0,"0"
"109",0,"0"
"110",0.0144444444444444,"0"
"111",0.00222222222222222,"0"
"112",0,"0"
"113",0,"0"
"114",0,"0"
"115",0.00444444444444444,"0"
"116",0.00222222222222222,"0"
"117",0,"0"
"118",0,"0"
"119",0.00111111111111111,"0"
"120",0,"0"
"121",0.00111111111111111,"0"
"122",0.00111111111111111,"0"
"123",0,"0"
"124",0.00333333333333333,"0"
"125",0.00111111111111111,"0"
"126",0.00222222222222222,"0"
"127",0.00888888888888889,"0"
"128",0.00333333333333333,"0"
"129",0,"0"
"130",0.00222222222222222,"0"
"131",0,"0"
"132",0.00333333333333333,"0"
"133",0.0155555555555556,"0"
"134",0.06,"0"
"135",0,"0"
"136",0,"0"
"137",0,"0"
"138",0.00222222222222222,"0"
"139",0,"0"
"140",0,"0"
"141",0,"0"
"142",0,"0"
"143",0,"0"
"144",0,"0"
"145",0.00111111111111111,"0"
"146",0,"0"
"147",0.00777777777777778,"0"
"148",0.00111111111111111,"0"
"149",0.00111111111111111,"0"
"150",0.00666666666666667,"0"
"151",0,"0"
"152",0.00222222222222222,"0"
"153",0.00111111111111111,"0"
"154",0,"0"
"155",0,"0"
"156",0,"0"
"157",0,"0"
"158",0.00111111111111111,"0"
"159",0,"0"
"160",0,"0"
"161",0,"0"
"162",0,"0"
"163",0,"0"
"164",0,"0"
"165",0,"0"
"166",0,"0"
"167",0.00444444444444444,"0"
"168",0.00111111111111111,"0"
"169",0.00222222222222222,"0"
"170",0.0388888888888889,"0"
"171",0.00222222222222222,"0"
"172",0.00111111111111111,"0"
"173",0.0166666666666667,"0"
"174",0.00444444444444444,"0"
"175",0.0188888888888889,"0"
"176",0.0111111111111111,"0"
"177",0.00444444444444444,"0"
"178",0.00555555555555556,"0"
"179",0.00333333333333333,"0"
"180",0.00444444444444444,"0"
"181",0.0133333333333333,"0"
"182",0.00222222222222222,"0"
"183",0.00222222222222222,"0"
"184",0,"0"
"185",0.00222222222222222,"0"
"186",0.0111111111111111,"0"
"187",0,"0"
"188",0,"0"
"189",0,"0"
"190",0.00444444444444444,"0"
"191",0.00888888888888889,"0"
"192",0,"0"
"193",0.00333333333333333,"0"
"194",0.00333333333333333,"0"
"195",0.00222222222222222,"0"
"196",0.00555555555555556,"0"
"197",0.125555555555556,"0"
"198",0.0122222222222222,"0"
"199",0.00444444444444444,"0"
"200",0.00555555555555556,"0"
"201",0,"0"
"202",0,"0"
"203",0.0311111111111111,"0"
"204",0.00222222222222222,"0"
"205",0,"0"
"206",0,"0"
"207",0,"0"
"208",0,"0"
"209",0,"0"
"210",0,"0"
"211",0,"0"
"212",0,"0"
"213",0.0244444444444444,"0"
"214",0.00111111111111111,"0"
"215",0,"0"
"216",0,"0"
"217",0.00111111111111111,"0"
"218",0.01,"0"
"219",0.0311111111111111,"0"
"220",0.00222222222222222,"0"
"221",0.00222222222222222,"0"
"222",0,"0"
"223",0.00222222222222222,"0"
"224",0.00111111111111111,"0"
"225",0.00111111111111111,"0"
"226",0,"0"
"227",0,"0"
"228",0.00666666666666667,"0"
"229",0.00444444444444444,"0"
"230",0.00555555555555556,"0"
"231",0.00111111111111111,"0"
"232",0,"0"
"233",0.00111111111111111,"0"
"234",0.00111111111111111,"0"
"235",0,"0"
"236",0,"0"
"237",0.00111111111111111,"0"
"238",0.00111111111111111,"0"
"239",0.00111111111111111,"0"
"240",0,"0"
"241",0,"0"
"242",0,"0"
"243",0,"0"
"244",0.00222222222222222,"0"
"245",0.01,"0"
"246",0.0111111111111111,"0"
"247",0.00111111111111111,"0"
"248",0.0155555555555556,"0"
"249",0.00444444444444444,"0"
"250",0.00222222222222222,"0"
"251",0.00111111111111111,"0"
"252",0,"0"
"253",0,"0"
"254",0,"0"
"255",0.0111111111111111,"0"
"256",0.0111111111111111,"0"
"257",0.00444444444444444,"0"
"258",0.00333333333333333,"0"
"259",0,"0"
"260",0,"0"
"261",0,"0"
"262",0.00111111111111111,"0"
"263",0,"0"
"264",0.00333333333333333,"0"
"265",0,"0"
"266",0,"0"
"267",0.0133333333333333,"0"
"268",0.00111111111111111,"0"
"269",0.00222222222222222,"0"
"270",0,"0"
"271",0,"0"
"272",0,"0"
"273",0.00111111111111111,"0"
"274",0.0177777777777778,"0"
"275",0,"0"
"276",0.00333333333333333,"0"
"277",0,"0"
"278",0,"0"
"279",0.00111111111111111,"0"
"280",0,"0"
"281",0.00777777777777778,"0"
"282",0.00111111111111111,"0"
"283",0,"0"
"284",0,"0"
"285",0,"0"
"286",0.0733333333333333,"0"
"287",0,"0"
"288",0.00111111111111111,"0"
"289",0,"0"
"290",0,"0"
"291",0,"0"
"292",0.00777777777777778,"0"
"293",0,"0"
"294",0,"0"
"295",0.00222222222222222,"0"
"296",0.0122222222222222,"0"
"297",0,"0"
"298",0,"0"
"299",0,"0"
"300",0,"0"
"301",0,"0"
"302",0.00222222222222222,"0"
"303",0,"0"
"304",0,"0"
"305",0,"0"
"306",0,"0"
"307",0,"0"
"308",0,"0"
"309",0.0133333333333333,"0"
"310",0.0122222222222222,"0"
"311",0,"0"
"312",0,"0"
"313",0,"0"
"314",0.00444444444444444,"0"
"315",0.00333333333333333,"0"
"316",0,"0"
"317",0,"0"
"318",0.00333333333333333,"0"
"319",0.00444444444444444,"0"
"320",0.00111111111111111,"0"
"321",0.00111111111111111,"0"
"322",0,"0"
"323",0,"0"
"324",0,"0"
"325",0,"0"
"326",0.0133333333333333,"0"
"327",0.00111111111111111,"0"
"328",0.00111111111111111,"0"
"329",0.00111111111111111,"0"
"330",0,"0"
"331",0.0211111111111111,"0"
"332",0.00333333333333333,"0"
"333",0,"0"
"334",0.0133333333333333,"0"
"335",0.00444444444444444,"0"
"336",0,"0"
"337",0.00222222222222222,"0"
"338",0.00111111111111111,"0"
"339",0,"0"
"340",0,"0"
"341",0.00111111111111111,"0"
"342",0.00111111111111111,"0"
"343",0.00111111111111111,"0"
"344",0.00222222222222222,"0"
"345",0.00111111111111111,"0"
"346",0.00111111111111111,"0"
"347",0.0188888888888889,"0"
"348",0,"0"
"349",0.00111111111111111,"0"
"350",0,"0"
"351",0,"0"
"352",0.0166666666666667,"0"
"353",0,"0"
"354",0,"0"
"355",0.0177777777777778,"0"
"356",0,"0"
"357",0,"0"
"358",0.01,"0"
"359",0.00111111111111111,"0"
"360",0,"0"
"361",0,"0"
"362",0,"0"
"363",0.00111111111111111,"0"
"364",0.00111111111111111,"0"
"365",0,"0"
"366",0,"0"
"367",0.00333333333333333,"0"
"368",0,"0"
"369",0.00111111111111111,"0"
"370",0.00333333333333333,"0"
"371",0,"0"
"372",0,"0"
"373",0.00555555555555556,"0"
"374",0.0411111111111111,"0"
"375",0.00222222222222222,"0"
"376",0,"0"
"377",0.0466666666666667,"0"
"378",0,"0"
"379",0,"0"
"380",0,"0"
"381",0,"0"
"382",0,"0"
"383",0.00111111111111111,"0"
"384",0.00222222222222222,"0"
"385",0.00777777777777778,"0"
"386",0.00111111111111111,"0"
"387",0.00111111111111111,"0"
"388",0.00222222222222222,"0"
"389",0.00555555555555556,"0"
"390",0.00333333333333333,"0"
"391",0,"0"
"392",0.00888888888888889,"0"
"393",0.00333333333333333,"0"
"394",0.00111111111111111,"0"
"395",0.00444444444444444,"0"
"396",0.00777777777777778,"0"
"397",0.00777777777777778,"0"
"398",0.00333333333333333,"0"
"399",0.0566666666666667,"0"
"400",0.0444444444444444,"0"
"401",0.0233333333333333,"0"
"402",0.00444444444444444,"0"
"403",0.0122222222222222,"0"
"404",0,"0"
"405",0.00111111111111111,"0"
"406",0,"0"
"407",0.0955555555555556,"0"
"408",0.00555555555555556,"0"
"409",0.00333333333333333,"0"
"410",0.00333333333333333,"0"
"411",0.0211111111111111,"0"
"412",0.00111111111111111,"0"
"413",0,"0"
"414",0.00111111111111111,"0"
"415",0.0144444444444444,"0"
"416",0,"0"
"417",0.00666666666666667,"0"
"418",0.00333333333333333,"0"
"419",0.00222222222222222,"0"
"420",0.0611111111111111,"0"
"421",0.111111111111111,"0"
"422",0.0366666666666667,"0"
"423",0.00444444444444444,"0"
"424",0.0355555555555556,"0"
"425",0.01,"0"
"426",0.00333333333333333,"0"
"427",0,"0"
"428",0.00111111111111111,"0"
"429",0.00333333333333333,"0"
"430",0.00555555555555556,"0"
"431",0,"0"
"432",0.00666666666666667,"0"
"433",0.00333333333333333,"0"
"434",0.00111111111111111,"0"
"435",0.0322222222222222,"0"
"436",0.00111111111111111,"0"
"437",0,"0"
"438",0.00333333333333333,"0"
"439",0.00555555555555556,"0"
"440",0.00333333333333333,"0"
"441",0.00444444444444444,"0"
"442",0.0122222222222222,"0"
"443",0.06,"0"
"444",0.0611111111111111,"0"
"445",0,"0"
"446",0,"0"
"447",0,"0"
"448",0,"0"
"449",0.0133333333333333,"0"
"450",0,"0"
"451",0,"0"
"452",0.118888888888889,"0"
"453",0,"0"
"454",0.00333333333333333,"0"
"455",0,"0"
"456",0.0288888888888889,"0"
"457",0.01,"0"
"458",0.00444444444444444,"0"
"459",0.0188888888888889,"0"
"460",0.0755555555555556,"0"
"461",0.00222222222222222,"0"
"462",0.00333333333333333,"0"
"463",0.01,"0"
"464",0.0122222222222222,"0"
"465",0.107777777777778,"0"
"466",0.0133333333333333,"0"
"467",0.00666666666666667,"0"
"468",0,"0"
"469",0,"0"
"470",0,"0"
"471",0,"0"
"472",0.00111111111111111,"0"
"473",0,"0"
"474",0,"0"
"475",0.02,"0"
"476",0.0266666666666667,"0"
"477",0,"0"
"478",0.156666666666667,"0"
"479",0.115555555555556,"0"
"480",0.00222222222222222,"0"
"481",0.0133333333333333,"0"
"482",0.00666666666666667,"0"
"483",0.0133333333333333,"0"
"484",0.0988888888888889,"0"
"485",0,"0"
"486",0.0222222222222222,"0"
"487",0.00333333333333333,"0"
"488",0.0111111111111111,"0"
"489",0.01,"0"
"490",0.00666666666666667,"0"
"491",0.00222222222222222,"0"
"492",0.00333333333333333,"0"
"493",0.00444444444444444,"0"
"494",0.0233333333333333,"0"
"495",0,"0"
"496",0.305555555555556,"0"
"497",0.0111111111111111,"0"
"498",0.00666666666666667,"0"
"499",0.00555555555555556,"0"
"500",0.0388888888888889,"0"
"501",0.0266666666666667,"0"
"502",0.0122222222222222,"0"
"503",0,"0"
"504",0.01,"0"
"505",0,"0"
"506",0.00444444444444444,"0"
"507",0.0177777777777778,"0"
"508",0.00888888888888889,"0"
"509",0.0388888888888889,"0"
"510",0,"0"
"511",0.0366666666666667,"0"
"512",0.0233333333333333,"0"
"513",0.00444444444444444,"0"
"514",0.00555555555555556,"0"
"515",0.0466666666666667,"0"
"516",0.00555555555555556,"0"
"517",0.0166666666666667,"0"
"518",0.00111111111111111,"0"
"519",0.271111111111111,"0"
"520",0.00777777777777778,"0"
"521",0.0133333333333333,"0"
"522",0.0188888888888889,"0"
"523",0,"0"
"524",0,"0"
"525",0.00444444444444444,"0"
"526",0.00777777777777778,"0"
"527",0.0166666666666667,"0"
"528",0,"0"
"529",0.0133333333333333,"0"
"530",0.0122222222222222,"0"
"531",0.0166666666666667,"0"
"532",0.0188888888888889,"0"
"533",0.122222222222222,"0"
"534",0.0688888888888889,"0"
"535",0.0644444444444444,"0"
"536",0.0744444444444444,"0"
"537",0.00777777777777778,"0"
"538",0.0811111111111111,"0"
"539",0.1,"0"
"540",0.0733333333333333,"0"
"541",0.0355555555555556,"0"
"542",0.0355555555555556,"0"
"543",0.00444444444444444,"0"
"544",0.00222222222222222,"0"
"545",0.0466666666666667,"0"
"546",0.00666666666666667,"0"
"547",0.0166666666666667,"0"
"548",0.0211111111111111,"0"
"549",0.0133333333333333,"0"
"550",0.236666666666667,"0"
"551",0.326666666666667,"0"
"552",0.04,"0"
"553",0.0466666666666667,"0"
"554",0.0533333333333333,"0"
"555",0.00111111111111111,"0"
"556",0.0244444444444444,"0"
"557",0.0533333333333333,"0"
"558",0,"0"
"559",0.00666666666666667,"0"
"560",0.00111111111111111,"0"
"561",0.00888888888888889,"0"
"562",0.0255555555555556,"0"
"563",0.00333333333333333,"0"
"564",0.0166666666666667,"0"
"565",0.113333333333333,"0"
"566",0.0411111111111111,"0"
"567",0.0877777777777778,"0"
"568",0.0611111111111111,"0"
"569",0.11,"0"
"570",0.0822222222222222,"0"
"571",0.102222222222222,"0"
"572",0.0555555555555556,"0"
"573",0.06,"0"
"574",0.0133333333333333,"0"
"575",0.0233333333333333,"0"
"576",0.0277777777777778,"0"
"577",0.0122222222222222,"0"
"578",0.0133333333333333,"0"
"579",0.384444444444444,"0"
"580",0.394444444444444,"0"
"581",0.121111111111111,"0"
"582",0.01,"0"
"583",0.282222222222222,"0"
"584",0.00333333333333333,"0"
"585",0.00444444444444444,"0"
"586",0.01,"0"
"587",0.0122222222222222,"0"
"588",0.0122222222222222,"0"
"589",0.172222222222222,"0"
"590",0.278888888888889,"0"
"591",0.285555555555556,"0"
"592",0.192222222222222,"0"
"593",0.295555555555556,"0"
"594",0.282222222222222,"0"
"595",0.172222222222222,"0"
"596",0.272222222222222,"0"
"597",0.686666666666667,"0"
"598",0.0233333333333333,"0"
"599",0.0144444444444444,"0"
"600",0.0155555555555556,"0"
"601",0.39,"0"
"602",0.203333333333333,"0"
"603",0.0333333333333333,"0"
"604",0.0344444444444444,"0"
"605",0.372222222222222,"0"
"606",0.44,"0"
"607",0.454444444444444,"0"
"608",0.596666666666667,"0"
"609",0.416666666666667,"0"
"610",0.343333333333333,"0"
"611",0.31,"0"
"612",0.304444444444444,"0"
"613",0.373333333333333,"0"
"614",0.273333333333333,"0"
"615",0.43,"0"
"616",0.313333333333333,"0"
"617",0.378888888888889,"0"
"618",0.3,"0"
"619",0.291111111111111,"0"
"620",0.723333333333333,"0"
"621",0.326666666666667,"0"
"622",0.363333333333333,"0"
"623",0.555555555555556,"0"
"624",0.368888888888889,"0"
"625",0.346666666666667,"0"
"626",0.355555555555556,"0"
"627",0.231111111111111,"0"
"628",0.275555555555556,"0"
"629",0.501111111111111,"0"
"630",0.312222222222222,"0"
"631",0.238888888888889,"0"
"632",0.247777777777778,"0"
"633",0.444444444444444,"0"
"634",0.494444444444444,"0"
"635",0.375555555555556,"0"
"636",0.296666666666667,"0"
"637",0.304444444444444,"0"
"638",0.348888888888889,"0"
"639",0.407777777777778,"0"
"640",0.33,"0"
"641",0.45,"0"
"642",0.154444444444444,"0"
"643",0.178888888888889,"0"
"644",0.441111111111111,"0"
"645",0.38,"0"
"646",0.148888888888889,"0"
"647",0.428888888888889,"0"
"648",0.224444444444444,"0"
"649",0.356666666666667,"0"
"650",0.425555555555556,"0"
"651",0.388888888888889,"0"
"652",0.24,"0"
"653",0.297777777777778,"0"
"654",0.291111111111111,"0"
"655",0.296666666666667,"0"
"656",0.335555555555556,"0"
"657",0.501111111111111,"0"
"658",0.475555555555556,"0"
"659",0.566666666666667,"0"
"660",0.286666666666667,"0"
"661",0.323333333333333,"0"
"662",0.368888888888889,"0"
"663",0.447777777777778,"0"
"664",0.257777777777778,"0"
"665",0.532222222222222,"0"
"666",0.49,"0"
"667",0.517777777777778,"0"
"668",0.19,"0"
"669",0.178888888888889,"0"
"670",0.418888888888889,"0"
"671",0.423333333333333,"0"
"672",0.617777777777778,"0"
"673",0.543333333333333,"0"
"674",0.527777777777778,"0"
"675",0.285555555555556,"0"
"676",0.422222222222222,"0"
"677",0.877777777777778,"0"
"678",0.473333333333333,"0"
"679",0.428888888888889,"0"
"680",0.512222222222222,"0"
"681",0.468888888888889,"0"
"682",0.633333333333333,"0"
"683",0.717777777777778,"0"
"684",0.681111111111111,"0"
"685",0.51,"0"
"686",0.401111111111111,"0"
"687",0.335555555555556,"0"
"688",0.831111111111111,"0"
"689",0.614444444444444,"0"
"690",0.431111111111111,"0"
"691",0.483333333333333,"0"
"692",0.664444444444444,"0"
"693",0.688888888888889,"0"
"694",0.367777777777778,"0"
"695",0.503333333333333,"0"
"696",0.55,"0"
"697",0.505555555555556,"0"
"698",0.311111111111111,"0"
"699",0.415555555555556,"0"
"700",0.758888888888889,"0"
"701",0.707777777777778,"0"
"702",0.613333333333333,"0"
"703",0.568888888888889,"0"
"704",0.557777777777778,"0"
"705",0.745555555555556,"0"
"706",0.658888888888889,"0"
"707",0.428888888888889,"0"
"708",0.381111111111111,"0"
"709",0.306666666666667,"0"
"710",0.351111111111111,"0"
"711",0.39,"0"
"712",0.605555555555556,"0"
"713",0.627777777777778,"0"
"714",0.738888888888889,"0"
"715",0.664444444444444,"0"
"716",0.326666666666667,"0"
"717",0.368888888888889,"0"
"718",0.327777777777778,"0"
"719",0.716666666666667,"0"
"720",0.367777777777778,"0"
"721",0.472222222222222,"0"
"722",0.415555555555556,"0"
"723",0.418888888888889,"0"
"724",0.473333333333333,"0"
"725",0.586666666666667,"0"
"726",0.848888888888889,"0"
"727",0.823333333333333,"0"
"728",0.405555555555556,"0"
"729",0.401111111111111,"0"
"730",0.474444444444444,"0"
"731",0.33,"0"
"732",0.281111111111111,"0"
"733",0.48,"0"
"734",0.563333333333333,"0"
"735",0.664444444444444,"0"
"736",0.717777777777778,"0"
"737",0.707777777777778,"0"
"738",0.555555555555556,"0"
"739",0.368888888888889,"0"
"740",0.56,"0"
"741",0.533333333333333,"0"
"742",0.44,"0"
"743",0.657777777777778,"0"
"744",0.503333333333333,"0"
"745",0.537777777777778,"0"
"746",0.416666666666667,"0"
"747",0.332222222222222,"0"
"748",0.602222222222222,"0"
"749",0.582222222222222,"0"
"750",0.461111111111111,"0"
"751",0.295555555555556,"0"
"752",0.447777777777778,"0"
"753",0.505555555555556,"0"
"754",0.651111111111111,"0"
"755",0.377777777777778,"0"
"756",0.64,"0"
"757",0.347777777777778,"0"
"758",0.488888888888889,"0"
"759",0.498888888888889,"0"
"760",0.501111111111111,"0"
"761",0.497777777777778,"0"
"762",0.521111111111111,"0"
"763",0.275555555555556,"0"
"764",0.324444444444444,"0"
"765",0.404444444444444,"0"
"766",0.554444444444444,"0"
"767",0.386666666666667,"0"
"768",0.445555555555556,"0"
"769",0.75,"0"
"770",0.615555555555556,"0"
"771",0.614444444444444,"0"
"772",0.697777777777778,"0"
"773",0.66,"0"
"774",0.413333333333333,"0"
"775",0.417777777777778,"0"
"776",0.554444444444444,"0"
"777",0.614444444444444,"0"
"778",0.661111111111111,"0"
"779",0.6,"0"
"780",0.53,"0"
"781",0.654444444444444,"0"
"782",0.241111111111111,"0"
"783",0.663333333333333,"0"
"784",0.421111111111111,"0"
"785",0.365555555555556,"0"
"786",0.396666666666667,"0"
"787",0.627777777777778,"0"
"788",0.416666666666667,"0"
"789",0.38,"0"
"790",0.438888888888889,"0"
"791",0.537777777777778,"0"
"792",0.278888888888889,"0"
"793",0.544444444444444,"0"
"794",0.436666666666667,"0"
"795",0.458888888888889,"0"
"796",0.524444444444444,"0"
"797",0.536666666666667,"0"
"798",0.675555555555556,"0"
"799",0.795555555555556,"0"
"800",0.573333333333333,"0"
"801",0.624444444444444,"0"
"802",0.756666666666667,"0"
"803",0.557777777777778,"0"
"804",0.591111111111111,"0"
"805",0.505555555555556,"0"
"806",0.556666666666667,"0"
"807",0.665555555555556,"0"
"808",0.796666666666667,"0"
"809",0.232222222222222,"0"
"810",0.277777777777778,"0"
"811",0.327777777777778,"0"
"812",0.412222222222222,"0"
"813",0.555555555555556,"0"
"814",0.534444444444444,"0"
"815",0.464444444444444,"0"
"816",0.304444444444444,"0"
"817",0.53,"0"
"818",0.287777777777778,"0"
"819",0.582222222222222,"0"
"820",0.787777777777778,"0"
"821",0.756666666666667,"0"
"822",0.74,"0"
"823",0.578888888888889,"0"
"824",0.853333333333333,"0"
"825",0.515555555555556,"0"
"826",0.484444444444444,"0"
"827",0.493333333333333,"0"
"828",0.64,"0"
"829",0.501111111111111,"0"
"830",0.513333333333333,"0"
"831",0.424444444444444,"0"
"832",0.271111111111111,"0"
"833",0.438888888888889,"0"
"834",0.492222222222222,"0"
"835",0.545555555555556,"0"
"836",0.575555555555556,"0"
"837",0.31,"0"
"838",0.312222222222222,"0"
"839",0.293333333333333,"0"
"840",0.625555555555556,"0"
"841",0.474444444444444,"0"
"842",0.548888888888889,"0"
"843",0.835555555555556,"0"
"844",0.833333333333333,"0"
"845",0.494444444444444,"0"
"846",0.554444444444444,"0"
"847",0.542222222222222,"0"
"848",0.421111111111111,"0"
"849",0.518888888888889,"0"
"850",0.245555555555556,"0"
"851",0.318888888888889,"0"
"852",0.514444444444444,"0"
"853",0.556666666666667,"0"
"854",0.257777777777778,"0"
"855",0.357777777777778,"0"
"856",0.397777777777778,"0"
"857",0.504444444444444,"0"
"858",0.49,"0"
"859",0.488888888888889,"0"
"860",0.567777777777778,"0"
"861",0.55,"0"
"862",0.612222222222222,"0"
"863",0.337777777777778,"0"
"864",0.574444444444444,"0"
"865",0.585555555555556,"0"
"866",0.512222222222222,"0"
"867",0.615555555555556,"0"
"868",0.864444444444444,"0"
"869",0.435555555555556,"0"
"870",0.458888888888889,"0"
"871",0.576666666666667,"0"
"872",0.364444444444444,"0"
"873",0.25,"0"
"874",0.228888888888889,"0"
"875",0.432222222222222,"0"
"876",0.314444444444444,"0"
"877",0.327777777777778,"0"
"878",0.253333333333333,"0"
"879",0.53,"0"
"880",0.363333333333333,"0"
"881",0.636666666666667,"0"
"882",0.677777777777778,"0"
"883",0.553333333333333,"0"
"884",0.698888888888889,"0"
"885",0.476666666666667,"0"
"886",0.641111111111111,"0"
"887",0.588888888888889,"0"
"888",0.632222222222222,"0"
"889",0.794444444444444,"0"
"890",0.728888888888889,"0"
"891",0.666666666666667,"0"
"892",0.381111111111111,"0"
"893",0.347777777777778,"0"
"894",0.302222222222222,"0"
"895",0.305555555555556,"0"
"896",0.222222222222222,"0"
"897",0.576666666666667,"0"
"898",0.376666666666667,"0"
"899",0.33,"0"
"900",0.348888888888889,"0"
"901",0.187777777777778,"0"
"902",0.397777777777778,"0"
"903",0.644444444444444,"0"
"904",0.535555555555556,"0"
"905",0.723333333333333,"0"
"906",0.577777777777778,"0"
"907",0.681111111111111,"0"
"908",0.691111111111111,"0"
"909",0.654444444444444,"0"
"910",0.677777777777778,"0"
"911",0.283333333333333,"0"
"912",0.47,"0"
"913",0.421111111111111,"0"
"914",0.428888888888889,"0"
"915",0.48,"0"
"916",0.307777777777778,"0"
"917",0.37,"0"
"918",0.264444444444444,"0"
"919",0.588888888888889,"0"
"920",0.263333333333333,"0"
"921",0.357777777777778,"0"
"922",0.338888888888889,"0"
"923",0.373333333333333,"0"
"924",0.392222222222222,"0"
"925",0.33,"0"
"926",0.297777777777778,"0"
"927",0.351111111111111,"0"
"928",0.4,"0"
"929",0.101111111111111,"0"
"930",0.568888888888889,"0"
"931",0.358888888888889,"0"
"932",0.661111111111111,"0"
"933",0.495555555555556,"0"
"934",0.577777777777778,"0"
"935",0.501111111111111,"0"
"936",0.594444444444444,"0"
"937",0.525555555555556,"0"
"938",0.504444444444444,"0"
"939",0.656666666666667,"0"
"940",0.506666666666667,"0"
"941",0.273333333333333,"0"
"942",0.3,"0"
"943",0.427777777777778,"0"
"944",0.473333333333333,"0"
"945",0.421111111111111,"0"
"946",0.458888888888889,"0"
"947",0.611111111111111,"0"
"948",0.572222222222222,"0"
"949",0.446666666666667,"0"
"950",0.193333333333333,"0"
"951",0.377777777777778,"0"
"952",0.362222222222222,"0"
"953",0.358888888888889,"0"
"954",0.501111111111111,"0"
"955",0.42,"0"
"956",0.603333333333333,"0"
"957",0.227777777777778,"0"
"958",0.248888888888889,"0"
"959",0.846666666666667,"0"
"960",0.613333333333333,"0"
"961",0.596666666666667,"0"
"962",0.557777777777778,"0"
"963",0.595555555555556,"0"
"964",0.565555555555556,"0"
"965",0.502222222222222,"0"
"966",0.812222222222222,"0"
"967",0.856666666666667,"0"
"968",0.74,"0"
"969",0.545555555555556,"0"
"970",0.244444444444444,"0"
"971",0.687777777777778,"0"
"972",0.556666666666667,"0"
"973",0.238888888888889,"0"
"974",0.304444444444444,"0"
"975",0.214444444444444,"0"
"976",0.533333333333333,"0"
"977",0.0988888888888889,"0"
"978",0.651111111111111,"0"
"979",0.365555555555556,"0"
"980",0.545555555555556,"0"
"981",0.837777777777778,"0"
"982",0.508888888888889,"0"
"983",0.524444444444444,"0"
"984",0.425555555555556,"0"
"985",0.508888888888889,"0"
"986",0.506666666666667,"0"
"987",0.627777777777778,"0"
"988",0.736666666666667,"0"
"989",0.527777777777778,"0"
"990",0.806666666666667,"0"
"991",0.746666666666667,"0"
"992",0.635555555555556,"0"
"993",0.361111111111111,"0"
"994",0.333333333333333,"0"
"995",0.223333333333333,"0"
"996",0.202222222222222,"0"
"997",0.526666666666667,"0"
"998",0.366666666666667,"0"
"999",0.888888888888889,"0"
"1000",0.761111111111111,"0"
"1001",0.858888888888889,"0"
"1002",0.604444444444444,"0"
"1003",0.783333333333333,"0"
"1004",0.331111111111111,"0"
"1005",0.516666666666667,"0"
"1006",0.307777777777778,"0"
"1007",0.491111111111111,"0"
"1008",0.676666666666667,"0"
"1009",0.653333333333333,"0"
"1010",0.92,"0"
"1011",0.648888888888889,"0"
"1012",0.388888888888889,"0"
"1013",0.387777777777778,"0"
"1014",0.372222222222222,"0"
"1015",0.176666666666667,"0"
"1016",0.325555555555556,"0"
"1017",0.241111111111111,"0"
"1018",0.307777777777778,"0"
"1019",0.902222222222222,"0"
"1020",0.973333333333333,"0"
"1021",0.613333333333333,"0"
"1022",0.701111111111111,"0"
"1023",0.735555555555556,"0"
"1024",0.461111111111111,"0"
"1025",0.613333333333333,"0"
"1026",0.327777777777778,"0"
"1027",0.501111111111111,"0"
"1028",0.525555555555556,"0"
"1029",0.866666666666667,"0"
"1030",0.655555555555556,"0"
"1031",0.867777777777778,"0"
"1032",0.477777777777778,"0"
"1033",0.583333333333333,"0"
"1034",0.354444444444444,"0"
"1035",0.537777777777778,"0"
"1036",0.577777777777778,"0"
"1037",0.303333333333333,"0"
"1038",0.462222222222222,"0"
"1039",0.344444444444444,"0"
"1040",0.323333333333333,"0"
"1041",0.466666666666667,"0"
"1042",0.911111111111111,"0"
"1043",0.703333333333333,"0"
"1044",0.796666666666667,"0"
"1045",0.511111111111111,"0"
"1046",0.264444444444444,"0"
"1047",0.298888888888889,"0"
"1048",0.355555555555556,"0"
"1049",0.742222222222222,"0"
"1050",0.544444444444444,"0"
"1051",0.951111111111111,"0"
"1052",0.662222222222222,"0"
"1053",0.332222222222222,"0"
"1054",0.321111111111111,"0"
"1055",0.443333333333333,"0"
"1056",0.417777777777778,"0"
"1057",0.395555555555556,"0"
"1058",0.791111111111111,"0"
"1059",0.345555555555556,"0"
"1060",0.427777777777778,"0"
"1061",0.664444444444444,"0"
"1062",0.621111111111111,"0"
"1063",0.425555555555556,"0"
"1064",0.485555555555556,"0"
"1065",0.515555555555556,"0"
"1066",0.281111111111111,"0"
"1067",0.665555555555556,"0"
"1068",0.814444444444444,"0"
"1069",0.234444444444444,"0"
"1070",0.704444444444444,"0"
"1071",0.207777777777778,"0"
"1072",0.474444444444444,"0"
"1073",0.401111111111111,"0"
"1074",0.504444444444444,"0"
"1075",0.591111111111111,"0"
"1076",0.855555555555556,"0"
"1077",0.51,"0"
"1078",0.661111111111111,"0"
"1079",0.68,"0"
"1080",0.353333333333333,"0"
"1081",0.491111111111111,"0"
"1082",0.417777777777778,"0"
"1083",0.337777777777778,"0"
"1084",0.592222222222222,"0"
"1085",0.462222222222222,"0"
"1086",0.54,"0"
"1087",0.362222222222222,"0"
"1088",0.336666666666667,"0"
"1089",0.48,"0"
"1090",0.696666666666667,"0"
"1091",0.658888888888889,"0"
"1092",0.532222222222222,"0"
"1093",0.675555555555556,"0"
"1094",0.515555555555556,"0"
"1095",0.614444444444444,"0"
"1096",0.515555555555556,"0"
"1097",0.212222222222222,"0"
"1098",0.395555555555556,"0"
"1099",0.526666666666667,"0"
"1100",0.534444444444444,"0"
"1101",0.471111111111111,"0"
"1102",0.463333333333333,"0"
"1103",0.522222222222222,"0"
"1104",0.543333333333333,"0"
"1105",0.28,"0"
"1106",0.328888888888889,"0"
"1107",0.382222222222222,"0"
"1108",0.817777777777778,"0"
"1109",0.987777777777778,"0"
"1110",0.588888888888889,"0"
"1111",0.498888888888889,"0"
"1112",0.465555555555556,"0"
"1113",0.433333333333333,"0"
"1114",0.543333333333333,"0"
"1115",0.695555555555556,"0"
"1116",0.535555555555556,"0"
"1117",0.455555555555556,"0"
"1118",0.461111111111111,"0"
"1119",0.464444444444444,"0"
"1120",0.428888888888889,"0"
"1121",0.468888888888889,"0"
"1122",0.524444444444444,"0"
"1123",0.572222222222222,"0"
"1124",0.664444444444444,"0"
"1125",0.657777777777778,"0"
"1126",0.721111111111111,"0"
"1127",0.703333333333333,"0"
"1128",0.66,"0"
"1129",0.473333333333333,"0"
"1130",0.488888888888889,"0"
"1131",0.754444444444444,"0"
"1132",0.61,"0"
"1133",0.597777777777778,"0"
"1134",0.385555555555556,"0"
"1135",0.47,"0"
"1136",0.505555555555556,"0"
"1137",0.354444444444444,"0"
"1138",0.522222222222222,"0"
"1139",0.57,"0"
"1140",0.495555555555556,"0"
"1141",0.512222222222222,"0"
"1142",0.48,"0"
"1143",0.54,"0"
"1144",0.76,"0"
"1145",0.497777777777778,"0"
"1146",0.643333333333333,"0"
"1147",0.446666666666667,"0"
"1148",0.522222222222222,"0"
"1149",0.345555555555556,"0"
"1150",0.713333333333333,"0"
"1151",0.637777777777778,"0"
"1152",0.632222222222222,"0"
"1153",0.327777777777778,"0"
"1154",0.448888888888889,"0"
"1155",0.503333333333333,"0"
"1156",0.718888888888889,"0"
"1157",0.651111111111111,"0"
"1158",0.911111111111111,"0"
"1159",0.804444444444444,"0"
"1160",0.885555555555556,"0"
"1161",0.611111111111111,"0"
"1162",0.625555555555556,"0"
"1163",0.523333333333333,"0"
"1164",0.388888888888889,"0"
"1165",0.434444444444444,"0"
"1166",0.533333333333333,"0"
"1167",0.534444444444444,"0"
"1168",0.648888888888889,"0"
"1169",0.462222222222222,"0"
"1170",0.883333333333333,"0"
"1171",0.672222222222222,"0"
"1172",0.53,"0"
"1173",0.688888888888889,"0"
"1174",0.508888888888889,"0"
"1175",0.361111111111111,"0"
"1176",0.414444444444444,"0"
"1177",0.205555555555556,"0"
"1178",0.806666666666667,"0"
"1179",0.273333333333333,"0"
"1180",0.318888888888889,"0"
"1181",0.361111111111111,"0"
"1182",0.332222222222222,"0"
"1183",0.746666666666667,"0"
"1184",0.89,"0"
"1185",0.457777777777778,"0"
"1186",0.402222222222222,"0"
"1187",0.704444444444444,"0"
"1188",0.408888888888889,"0"
"1189",0.337777777777778,"0"
"1190",0.293333333333333,"0"
"1191",0.235555555555556,"0"
"1192",0.211111111111111,"0"
"1193",0.637777777777778,"0"
"1194",0.206666666666667,"0"
"1195",0.227777777777778,"0"
"1196",0.502222222222222,"0"
"1197",0.702222222222222,"0"
"1198",0.646666666666667,"0"
"1199",0.833333333333333,"0"
"1200",0.877777777777778,"0"
"1201",0.751111111111111,"0"
"1202",0.485555555555556,"0"
"1203",0.552222222222222,"0"
"1204",0.444444444444444,"0"
"1205",0.554444444444444,"0"
"1206",0.605555555555556,"0"
"1207",0.634444444444444,"0"
"1208",0.563333333333333,"0"
"1209",0.671111111111111,"0"
"1210",0.351111111111111,"0"
"1211",0.305555555555556,"0"
"1212",0.584444444444444,"0"
"1213",0.183333333333333,"0"
"1214",0.173333333333333,"0"
"1215",0.417777777777778,"0"
"1216",0.493333333333333,"0"
"1217",0.743333333333333,"0"
"1218",0.568888888888889,"0"
"1219",0.547777777777778,"0"
"1220",0.407777777777778,"0"
"1221",0.478888888888889,"0"
"1222",0.19,"0"
"1223",0.436666666666667,"0"
"1224",0.635555555555556,"0"
"1225",0.331111111111111,"0"
"1226",0.503333333333333,"0"
"1227",0.712222222222222,"0"
"1228",0.721111111111111,"0"
"1229",0.693333333333333,"0"
"1230",0.585555555555556,"0"
"1231",0.673333333333333,"0"
"1232",0.508888888888889,"0"
"1233",0.594444444444444,"0"
"1234",0.426666666666667,"0"
"1235",0.592222222222222,"0"
"1236",0.536666666666667,"0"
"1237",0.277777777777778,"0"
"1238",0.305555555555556,"0"
"1239",0.547777777777778,"0"
"1240",0.584444444444444,"0"
"1241",0.541111111111111,"0"
"1242",0.827777777777778,"0"
"1243",0.482222222222222,"0"
"1244",0.338888888888889,"0"
"1245",0.674444444444444,"0"
"1246",0.507777777777778,"0"
"1247",0.42,"0"
"1248",0.446666666666667,"0"
"1249",0.564444444444444,"0"
"1250",0.42,"0"
"1251",0.325555555555556,"0"
"1252",0.315555555555556,"0"
"1253",0.37,"0"
"1254",0.228888888888889,"0"
"1255",0.367777777777778,"0"
"1256",0.374444444444444,"0"
"1257",0.302222222222222,"0"
"1258",0.757777777777778,"0"
"1259",0.565555555555556,"0"
"1260",0.592222222222222,"0"
"1261",0.761111111111111,"0"
"1262",0.377777777777778,"0"
"1263",0.383333333333333,"0"
"1264",0.451111111111111,"0"
"1265",0.592222222222222,"0"
"1266",0.502222222222222,"0"
"1267",0.413333333333333,"0"
"1268",0.455555555555556,"0"
"1269",0.621111111111111,"0"
"1270",0.59,"0"
"1271",0.495555555555556,"0"
"1272",0.808888888888889,"0"
"1273",0.674444444444444,"0"
"1274",0.581111111111111,"0"
"1275",0.337777777777778,"0"
"1276",0.33,"0"
"1277",0.415555555555556,"0"
"1278",0.373333333333333,"0"
"1279",0.453333333333333,"0"
"1280",0.311111111111111,"0"
"1281",0.494444444444444,"0"
"1282",0.538888888888889,"0"
"1283",0.235555555555556,"0"
"1284",0.563333333333333,"0"
"1285",0.633333333333333,"0"
"1286",0.705555555555556,"0"
"1287",0.463333333333333,"0"
"1288",0.302222222222222,"0"
"1289",0.415555555555556,"0"
"1290",0.593333333333333,"0"
"1291",0.467777777777778,"0"
"1292",0.503333333333333,"0"
"1293",0.387777777777778,"0"
"1294",0.415555555555556,"0"
"1295",0.43,"0"
"1296",0.263333333333333,"0"
"1297",0.282222222222222,"0"
"1298",0.221111111111111,"0"
"1299",0.216666666666667,"0"
"1300",0.637777777777778,"0"
"1301",0.283333333333333,"0"
"1302",0.303333333333333,"0"
"1303",0.523333333333333,"0"
"1304",0.445555555555556,"0"
"1305",0.468888888888889,"0"
"1306",0.347777777777778,"0"
"1307",0.281111111111111,"0"
"1308",0.26,"0"
"1309",0.501111111111111,"0"
"1310",0.387777777777778,"0"
"1311",0.423333333333333,"0"
"1312",0.555555555555556,"0"
"1313",0.651111111111111,"0"
"1314",0.4,"0"
"1315",0.301111111111111,"0"
"1316",0.35,"0"
"1317",0.582222222222222,"0"
"1318",0.425555555555556,"0"
"1319",0.5,"0"
"1320",0.7,"0"
"1321",0.797777777777778,"0"
"1322",0.858888888888889,"0"
"1323",0.852222222222222,"0"
"1324",0.452222222222222,"0"
"1325",0.353333333333333,"0"
"1326",0.364444444444444,"0"
"1327",0.792222222222222,"0"
"1328",0.68,"0"
"1329",0.782222222222222,"0"
"1330",0.818888888888889,"0"
"1331",0.676666666666667,"0"
"1332",0.521111111111111,"0"
"1333",0.574444444444444,"0"
"1334",0.377777777777778,"0"
"1335",0.426666666666667,"0"
"1336",0.536666666666667,"0"
"1337",0.793333333333333,"0"
"1338",0.806666666666667,"0"
"1339",0.612222222222222,"0"
"1340",0.59,"0"
"1341",0.657777777777778,"0"
"1342",0.417777777777778,"0"
"1343",0.195555555555556,"0"
"1344",0.935555555555556,"0"
"1345",0.516666666666667,"0"
"1346",0.853333333333333,"0"
"1347",0.381111111111111,"0"
"1348",0.554444444444444,"0"
"1349",0.421111111111111,"0"
"1350",0.451111111111111,"0"
"1351",0.87,"0"
"1352",0.241111111111111,"0"
"1353",0.397777777777778,"0"
"1354",0.342222222222222,"0"
"1355",0.663333333333333,"0"
"1356",0.771111111111111,"0"
"1357",0.504444444444444,"0"
"1358",0.373333333333333,"0"
"1359",0.708888888888889,"0"
"1360",0.341111111111111,"0"
"1361",0.325555555555556,"0"
"1362",0.51,"0"
"1363",0.372222222222222,"0"
"1364",0.302222222222222,"0"
"1365",0.436666666666667,"0"
"1366",0.376666666666667,"0"
"1367",0.495555555555556,"0"
"1368",0.445555555555556,"0"
"1369",0.241111111111111,"0"
"1370",0.853333333333333,"0"
"1371",0.396666666666667,"0"
"1372",0.497777777777778,"0"
"1373",0.654444444444444,"0"
"1374",0.774444444444444,"0"
"1375",0.437777777777778,"0"
"1376",0.468888888888889,"0"
"1377",0.365555555555556,"1"
"1378",0.416666666666667,"1"
"1379",0.383333333333333,"1"
"1380",0.548888888888889,"1"
"1381",0.548888888888889,"1"
"1382",0.556666666666667,"1"
"1383",0.45,"1"
"1384",0.324444444444444,"1"
"1385",0.412222222222222,"1"
"1386",0.412222222222222,"1"
"1387",0.221111111111111,"1"
"1388",0.395555555555556,"1"
"1389",0.395555555555556,"1"
"1390",0.206666666666667,"1"
"1391",0.414444444444444,"1"
"1392",0.453333333333333,"1"
"1393",0.267777777777778,"1"
"1394",0.267777777777778,"1"
"1395",0.26,"1"
"1396",0.331111111111111,"1"
"1397",0.278888888888889,"1"
"1398",0.472222222222222,"1"
"1399",0.282222222222222,"1"
"1400",0.275555555555556,"1"
"1401",0.528888888888889,"1"
"1402",0.436666666666667,"1"
"1403",0.604444444444444,"1"
"1404",0.61,"1"
"1405",0.387777777777778,"1"
"1406",0.515555555555556,"1"
"1407",0.3,"1"
"1408",0.583333333333333,"1"
"1409",0.36,"1"
"1410",0.583333333333333,"1"
"1411",0.36,"1"
"1412",0.36,"1"
"1413",0.354444444444444,"1"
"1414",0.471111111111111,"1"
"1415",0.654444444444444,"1"
"1416",0.654444444444444,"1"
"1417",0.232222222222222,"1"
"1418",0.486666666666667,"1"
"1419",0.354444444444444,"1"
"1420",0.472222222222222,"1"
"1421",0.611111111111111,"1"
"1422",0.611111111111111,"1"
"1423",0.522222222222222,"1"
"1424",0.317777777777778,"1"
"1425",0.472222222222222,"1"
"1426",0.328888888888889,"1"
"1427",0.552222222222222,"1"
"1428",0.601111111111111,"1"
"1429",0.642222222222222,"1"
"1430",0.611111111111111,"1"
"1431",0.444444444444444,"1"
"1432",0.727777777777778,"1"
"1433",0.584444444444444,"1"
"1434",0.372222222222222,"1"
"1435",0.726666666666667,"1"
"1436",0.726666666666667,"1"
"1437",0.43,"1"
"1438",0.538888888888889,"1"
"1439",0.458888888888889,"1"
"1440",0.43,"1"
"1441",0.44,"1"
"1442",0.43,"1"
"1443",0.273333333333333,"1"
"1444",0.364444444444444,"1"
"1445",0.251111111111111,"1"
"1446",0.501111111111111,"1"
"1447",0.251111111111111,"1"
"1448",0.3,"1"
"1449",0.25,"1"
"1450",0.706666666666667,"1"
"1451",0.351111111111111,"1"
"1452",0.372222222222222,"1"
"1453",0.474444444444444,"1"
"1454",0.372222222222222,"1"
"1455",0.573333333333333,"1"
"1456",0.314444444444444,"1"
"1457",0.442222222222222,"1"
"1458",0.308888888888889,"1"
"1459",0.538888888888889,"1"
"1460",0.416666666666667,"1"
"1461",0.706666666666667,"1"
"1462",0.567777777777778,"1"
"1463",0.38,"1"
"1464",0.634444444444444,"1"
"1465",0.64,"1"
"1466",0.397777777777778,"1"
"1467",0.505555555555556,"1"
"1468",0.505555555555556,"1"
"1469",0.64,"1"
"1470",0.46,"1"
"1471",0.415555555555556,"1"
"1472",0.464444444444444,"1"
"1473",0.464444444444444,"1"
"1474",0.576666666666667,"1"
"1475",0.225555555555556,"1"
"1476",0.791111111111111,"1"
"1477",0.791111111111111,"1"
"1478",0.757777777777778,"1"
"1479",0.79,"1"
"1480",0.757777777777778,"1"
"1481",0.757777777777778,"1"
"1482",0.275555555555556,"1"
"1483",0.757777777777778,"1"
"1484",0.308888888888889,"1"
"1485",0.757777777777778,"1"
"1486",0.54,"1"
"1487",0.581111111111111,"1"
"1488",0.671111111111111,"1"
"1489",0.581111111111111,"1"
"1490",0.795555555555556,"1"
"1491",0.581111111111111,"1"
"1492",0.692222222222222,"1"
"1493",0.795555555555556,"1"
"1494",0.581111111111111,"1"
"1495",0.574444444444444,"1"
"1496",0.795555555555556,"1"
"1497",0.604444444444444,"1"
"1498",0.795555555555556,"1"
"1499",0.795555555555556,"1"
"1500",0.217777777777778,"1"
"1501",0.672222222222222,"1"
"1502",0.604444444444444,"1"
"1503",0.604444444444444,"1"
"1504",0.604444444444444,"1"
"1505",0.784444444444444,"1"
"1506",0.672222222222222,"1"
"1507",0.77,"1"
"1508",0.813333333333333,"1"
"1509",0.813333333333333,"1"
"1510",0.784444444444444,"1"
"1511",0.467777777777778,"1"
"1512",0.467777777777778,"1"
"1513",0.417777777777778,"1"
"1514",0.487777777777778,"1"
"1515",0.702222222222222,"1"
"1516",0.505555555555556,"1"
"1517",0.72,"1"
"1518",0.826666666666667,"1"
"1519",0.626666666666667,"1"
"1520",0.278888888888889,"1"
"1521",0.685555555555556,"1"
"1522",0.505555555555556,"1"
"1523",0.278888888888889,"1"
"1524",0.317777777777778,"1"
"1525",0.608888888888889,"1"
"1526",0.3,"1"
"1527",0.51,"1"
"1528",0.685555555555556,"1"
"1529",0.476666666666667,"1"
"1530",0.271111111111111,"1"
"1531",0.685555555555556,"1"
"1532",0.47,"1"
"1533",0.281111111111111,"1"
"1534",0.51,"1"
"1535",0.395555555555556,"1"
"1536",0.388888888888889,"1"
"1537",0.577777777777778,"1"
"1538",0.634444444444444,"1"
"1539",0.516666666666667,"1"
"1540",0.523333333333333,"1"
"1541",0.328888888888889,"1"
"1542",0.328888888888889,"1"
"1543",0.433333333333333,"1"
"1544",0.523333333333333,"1"
"1545",0.567777777777778,"1"
"1546",0.324444444444444,"1"
"1547",0.523333333333333,"1"
"1548",0.523333333333333,"1"
"1549",0.598888888888889,"1"
"1550",0.375555555555556,"1"
"1551",0.453333333333333,"1"
"1552",0.72,"1"
"1553",0.486666666666667,"1"
"1554",0.6,"1"
"1555",0.776666666666667,"1"
"1556",0.758888888888889,"1"
"1557",0.486666666666667,"1"
"1558",0.486666666666667,"1"
"1559",0.486666666666667,"1"
"1560",0.454444444444444,"1"
"1561",0.467777777777778,"1"
"1562",0.646666666666667,"1"
"1563",0.322222222222222,"1"
"1564",0.751111111111111,"1"
"1565",0.587777777777778,"1"
"1566",0.805555555555556,"1"
"1567",0.542222222222222,"1"
"1568",0.805555555555556,"1"
"1569",0.508888888888889,"1"
"1570",0.38,"1"
"1571",0.694444444444444,"1"
"1572",0.413333333333333,"1"
"1573",0.935555555555556,"1"
"1574",0.413333333333333,"1"
"1575",0.735555555555556,"1"
"1576",0.637777777777778,"1"
"1577",0.863333333333333,"1"
"1578",0.397777777777778,"1"
"1579",0.804444444444444,"1"
"1580",0.521111111111111,"1"
"1581",0.521111111111111,"1"
"1582",0.521111111111111,"1"
"1583",0.696666666666667,"1"
"1584",0.504444444444444,"1"
"1585",0.486666666666667,"1"
"1586",0.804444444444444,"1"
"1587",0.804444444444444,"1"
"1588",0.792222222222222,"1"
"1589",0.792222222222222,"1"
"1590",0.804444444444444,"1"
"1591",0.55,"1"
"1592",0.55,"1"
"1593",0.563333333333333,"1"
"1594",0.804444444444444,"1"
"1595",0.508888888888889,"1"
"1596",0.451111111111111,"1"
"1597",0.458888888888889,"1"
"1598",0.451111111111111,"1"
"1599",0.69,"1"
"1600",0.837777777777778,"1"
"1601",0.964444444444444,"1"
"1602",0.586666666666667,"1"
"1603",0.964444444444444,"1"
"1604",0.303333333333333,"1"
"1605",0.942222222222222,"1"
"1606",0.761111111111111,"1"
"1607",0.761111111111111,"1"
"1608",0.687777777777778,"1"
"1609",0.597777777777778,"1"
"1610",0.237777777777778,"1"
"1611",0.751111111111111,"1"
"1612",0.751111111111111,"1"
"1613",0.751111111111111,"1"
"1614",0.707777777777778,"1"
"1615",0.791111111111111,"1"
"1616",0.74,"1"
"1617",0.791111111111111,"1"
"1618",0.884444444444444,"1"
"1619",0.302222222222222,"1"
"1620",0.765555555555556,"1"
"1621",0.954444444444444,"1"
"1622",0.877777777777778,"1"
"1623",0.384444444444444,"1"
"1624",0.884444444444444,"1"
"1625",0.607777777777778,"1"
"1626",0.884444444444444,"1"
"1627",0.302222222222222,"1"
"1628",0.877777777777778,"1"
"1629",0.618888888888889,"1"
"1630",0.954444444444444,"1"
"1631",0.706666666666667,"1"
"1632",0.877777777777778,"1"
"1633",0.652222222222222,"1"
"1634",0.363333333333333,"1"
"1635",0.4,"1"
"1636",0.32,"1"
"1637",0.983333333333333,"1"
"1638",0.811111111111111,"1"
"1639",0.983333333333333,"1"
"1640",0.9,"1"
"1641",0.481111111111111,"1"
"1642",0.55,"1"
"1643",0.811111111111111,"1"
"1644",0.873333333333333,"1"
"1645",0.666666666666667,"1"
"1646",0.363333333333333,"1"
"1647",0.666666666666667,"1"
"1648",0.641111111111111,"1"
"1649",0.406666666666667,"1"
"1650",0.607777777777778,"1"
"1651",0.607777777777778,"1"
"1652",0.924444444444444,"1"
"1653",0.924444444444444,"1"
"1654",0.992222222222222,"1"
"1655",0.641111111111111,"1"
"1656",0.608888888888889,"1"
"1657",0.73,"1"
"1658",0.73,"1"
"1659",0.73,"1"
"1660",0.891111111111111,"1"
"1661",0.964444444444444,"1"
"1662",0.312222222222222,"1"
"1663",0.795555555555556,"1"
"1664",0.357777777777778,"1"
"1665",0.924444444444444,"1"
"1666",0.992222222222222,"1"
"1667",0.608888888888889,"1"
"1668",0.926666666666667,"1"
"1669",0.964444444444444,"1"
"1670",0.318888888888889,"1"
"1671",0.632222222222222,"1"
"1672",0.777777777777778,"1"
"1673",0.675555555555556,"1"
"1674",0.932222222222222,"1"
"1675",0.964444444444444,"1"
"1676",0.964444444444444,"1"
"1677",0.932222222222222,"1"
"1678",0.642222222222222,"1"
"1679",0.677777777777778,"1"
"1680",0.916666666666667,"1"
"1681",0.665555555555556,"1"
"1682",0.932222222222222,"1"
"1683",0.807777777777778,"1"
"1684",0.4,"1"
"1685",0.964444444444444,"1"
"1686",0.642222222222222,"1"
"1687",0.916666666666667,"1"
"1688",0.932222222222222,"1"
"1689",0.692222222222222,"1"
"1690",0.603333333333333,"1"
"1691",0.642222222222222,"1"
"1692",0.642222222222222,"1"
"1693",0.736666666666667,"1"
"1694",0.706666666666667,"1"
"1695",0.603333333333333,"1"
"1696",0.932222222222222,"1"
"1697",0.625555555555556,"1"
"1698",0.916666666666667,"1"
"1699",0.692222222222222,"1"
"1700",0.616666666666667,"1"
"1701",0.688888888888889,"1"
"1702",0.736666666666667,"1"
"1703",0.974444444444444,"1"
"1704",0.987777777777778,"1"
"1705",0.987777777777778,"1"
"1706",0.616666666666667,"1"
"1707",0.995555555555556,"1"
"1708",0.987777777777778,"1"
"1709",0.488888888888889,"1"
"1710",0.603333333333333,"1"
"1711",0.736666666666667,"1"
"1712",0.905555555555556,"1"
"1713",0.785555555555556,"1"
"1714",0.688888888888889,"1"
"1715",0.941111111111111,"1"
"1716",0.698888888888889,"1"
"1717",0.995555555555556,"1"
"1718",0.447777777777778,"1"
"1719",0.603333333333333,"1"
"1720",0.688888888888889,"1"
"1721",0.318888888888889,"1"
"1722",0.987777777777778,"1"
"1723",0.981111111111111,"1"
"1724",0.698888888888889,"1"
"1725",0.785555555555556,"1"
"1726",0.698888888888889,"1"
"1727",0.731111111111111,"1"
"1728",0.981111111111111,"1"
"1729",0.987777777777778,"1"
"1730",0.984444444444444,"1"
"1731",0.981111111111111,"1"
"1732",0.981111111111111,"1"
"1733",0.698888888888889,"1"
"1734",0.698888888888889,"1"
"1735",0.604444444444444,"1"
"1736",0.572222222222222,"1"
"1737",0.553333333333333,"1"
"1738",0.596666666666667,"1"
"1739",0.572222222222222,"1"
"1740",0.808888888888889,"1"
"1741",0.698888888888889,"1"
"1742",0.785555555555556,"1"
"1743",0.984444444444444,"1"
"1744",0.731111111111111,"1"
"1745",0.984444444444444,"1"
"1746",0.731111111111111,"1"
"1747",0.785555555555556,"1"
"1748",0.762222222222222,"1"
"1749",0.61,"1"
"1750",0.656666666666667,"1"
"1751",0.6,"1"
"1752",0.517777777777778,"1"
"1753",0.634444444444444,"1"
"1754",0.731111111111111,"1"
"1755",0.517777777777778,"1"
"1756",0.521111111111111,"1"
"1757",0.984444444444444,"1"
"1758",0.828888888888889,"1"
"1759",0.731111111111111,"1"
"1760",0.273333333333333,"1"
"1761",0.767777777777778,"1"
"1762",0.656666666666667,"1"
"1763",0.614444444444444,"1"
"1764",0.681111111111111,"1"
"1765",0.656666666666667,"1"
"1766",0.656666666666667,"1"
"1767",0.614444444444444,"1"
"1768",0.401111111111111,"1"
"1769",0.775555555555556,"1"
"1770",0.653333333333333,"1"
"1771",0.775555555555556,"1"
"1772",0.681111111111111,"1"
"1773",0.644444444444444,"1"
"1774",0.644444444444444,"1"
"1775",0.987777777777778,"1"
"1776",0.681111111111111,"1"
"1777",0.471111111111111,"1"
"1778",0.767777777777778,"1"
"1779",0.775555555555556,"1"
"1780",0.767777777777778,"1"
"1781",0.652222222222222,"1"
"1782",0.99,"1"
"1783",0.653333333333333,"1"
"1784",0.656666666666667,"1"
"1785",0.653333333333333,"1"
"1786",0.471111111111111,"1"
"1787",0.775555555555556,"1"
"1788",0.444444444444444,"1"
"1789",0.987777777777778,"1"
"1790",0.381111111111111,"1"
"1791",0.653333333333333,"1"
"1792",0.398888888888889,"1"
"1793",0.701111111111111,"1"
"1794",0.701111111111111,"1"
"1795",0.576666666666667,"1"
"1796",0.701111111111111,"1"
"1797",0.921111111111111,"1"
"1798",0.987777777777778,"1"
"1799",0.987777777777778,"1"
"1800",0.576666666666667,"1"
"1801",0.694444444444444,"1"
"1802",0.576666666666667,"1"
"1803",0.99,"1"
"1804",0.701111111111111,"1"
"1805",0.653333333333333,"1"
"1806",0.576666666666667,"1"
"1807",0.664444444444444,"1"
"1808",0.921111111111111,"1"
"1809",0.664444444444444,"1"
"1810",0.811111111111111,"1"
"1811",0.576666666666667,"1"
"1812",0.713333333333333,"1"
"1813",0.811111111111111,"1"
"1814",0.207777777777778,"1"
"1815",0.99,"1"
"1816",0.782222222222222,"1"
"1817",0.937777777777778,"1"
"1818",0.694444444444444,"1"
"1819",0.477777777777778,"1"
"1820",0.658888888888889,"1"
"1821",0.556666666666667,"1"
"1822",0.711111111111111,"1"
"1823",0.812222222222222,"1"
"1824",0.921111111111111,"1"
"1825",0.496666666666667,"1"
"1826",0.921111111111111,"1"
"1827",0.694444444444444,"1"
"1828",0.741111111111111,"1"
"1829",0.811111111111111,"1"
"1830",0.658888888888889,"1"
"1831",0.658888888888889,"1"
"1832",0.658888888888889,"1"
"1833",0.694444444444444,"1"
"1834",0.873333333333333,"1"
"1835",0.658888888888889,"1"
"1836",0.811111111111111,"1"
"1837",0.811111111111111,"1"
"1838",0.711111111111111,"1"
"1839",0.873333333333333,"1"
"1840",0.455555555555556,"1"
"1841",0.455555555555556,"1"
"1842",0.455555555555556,"1"
"1843",0.811111111111111,"1"
"1844",0.995555555555556,"1"
"1845",0.812222222222222,"1"
"1846",0.658888888888889,"1"
"1847",0.741111111111111,"1"
"1848",0.995555555555556,"1"
"1849",0.51,"1"
"1850",0.741111111111111,"1"
"1851",0.76,"1"
"1852",0.936666666666667,"1"
"1853",0.51,"1"
"1854",0.51,"1"
"1855",0.51,"1"
"1856",0.961111111111111,"1"
"1857",0.356666666666667,"1"
"1858",0.356666666666667,"1"
"1859",0.685555555555556,"1"
"1860",0.196666666666667,"1"
"1861",0.685555555555556,"1"
"1862",0.996666666666667,"1"
"1863",0.51,"1"
"1864",0.266666666666667,"1"
"1865",0.91,"1"
"1866",0.832222222222222,"1"
"1867",0.832222222222222,"1"
"1868",0.795555555555556,"1"
"1869",0.936666666666667,"1"
"1870",0.47,"1"
"1871",0.837777777777778,"1"
"1872",0.947777777777778,"1"
"1873",0.947777777777778,"1"
"1874",0.996666666666667,"1"
"1875",0.51,"1"
"1876",0.832222222222222,"1"
"1877",0.144444444444444,"1"
"1878",0.685555555555556,"1"
"1879",0.618888888888889,"1"
"1880",0.144444444444444,"1"
"1881",0.873333333333333,"1"
"1882",0.91,"1"
"1883",0.486666666666667,"1"
"1884",0.917777777777778,"1"
"1885",0.936666666666667,"1"
"1886",0.995555555555556,"1"
"1887",0.685555555555556,"1"
"1888",0.91,"1"
"1889",0.943333333333333,"1"
"1890",0.996666666666667,"1"
"1891",0.943333333333333,"1"
"1892",0.943333333333333,"1"
"1893",0.943333333333333,"1"
"1894",0.807777777777778,"1"
"1895",0.98,"1"
"1896",0.508888888888889,"1"
"1897",0.404444444444444,"1"
"1898",0.98,"1"
"1899",0.904444444444444,"1"
"1900",0.904444444444444,"1"
"1901",0.807777777777778,"1"
"1902",0.904444444444444,"1"
"1903",0.616666666666667,"1"
"1904",0.758888888888889,"1"
"1905",0.904444444444444,"1"
"1906",0.758888888888889,"1"
"1907",0.568888888888889,"1"
"1908",0.862222222222222,"1"
"1909",0.875555555555556,"1"
"1910",0.875555555555556,"1"
"1911",0.577777777777778,"1"
"1912",0.577777777777778,"1"
"1913",0.758888888888889,"1"
"1914",0.862222222222222,"1"
"1915",0.862222222222222,"1"
"1916",0.855555555555556,"1"
"1917",0.91,"1"
"1918",0.862222222222222,"1"
"1919",0.461111111111111,"1"
"1920",0.508888888888889,"1"
"1921",0.44,"1"
"1922",0.862222222222222,"1"
"1923",0.855555555555556,"1"
"1924",0.983333333333333,"1"
"1925",0.43,"1"
"1926",0.98,"1"
"1927",0.904444444444444,"1"
"1928",0.807777777777778,"1"
"1929",0.43,"1"
"1930",0.308888888888889,"1"
"1931",0.822222222222222,"1"
"1932",0.503333333333333,"1"
"1933",0.974444444444444,"1"
"1934",0.397777777777778,"1"
"1935",0.983333333333333,"1"
"1936",0.308888888888889,"1"
"1937",0.822222222222222,"1"
"1938",0.81,"1"
"1939",0.482222222222222,"1"
"1940",0.806666666666667,"1"
"1941",0.875555555555556,"1"
"1942",0.904444444444444,"1"
"1943",0.758888888888889,"1"
"1944",0.567777777777778,"1"
"1945",0.616666666666667,"1"
"1946",0.983333333333333,"1"
"1947",0.974444444444444,"1"
"1948",0.806666666666667,"1"
"1949",0.875555555555556,"1"
"1950",0.81,"1"
"1951",0.673333333333333,"1"
"1952",0.933333333333333,"1"
"1953",0.85,"1"
"1954",0.972222222222222,"1"
"1955",0.972222222222222,"1"
"1956",0.673333333333333,"1"
"1957",0.803333333333333,"1"
"1958",0.933333333333333,"1"
"1959",0.673333333333333,"1"
"1960",0.972222222222222,"1"
"1961",0.974444444444444,"1"
"1962",0.852222222222222,"1"
"1963",0.933333333333333,"1"
"1964",0.81,"1"
"1965",0.803333333333333,"1"
"1966",0.852222222222222,"1"
"1967",0.89,"1"
"1968",0.882222222222222,"1"
"1969",0.955555555555556,"1"
"1970",0.955555555555556,"1"
"1971",0.89,"1"
"1972",0.878888888888889,"1"
"1973",0.635555555555556,"1"
"1974",0.895555555555556,"1"
"1975",0.89,"1"
"1976",0.236666666666667,"1"
"1977",0.545555555555556,"1"
"1978",0.882222222222222,"1"
"1979",0.802222222222222,"1"
"1980",0.802222222222222,"1"
"1981",0.802222222222222,"1"
"1982",0.895555555555556,"1"
"1983",0.878888888888889,"1"
"1984",0.882222222222222,"1"
"1985",0.98,"1"
"1986",0.811111111111111,"1"
"1987",0.532222222222222,"1"
"1988",0.817777777777778,"1"
"1989",0.545555555555556,"1"
"1990",0.98,"1"
"1991",0.855555555555556,"1"
"1992",0.673333333333333,"1"
"1993",0.968888888888889,"1"
"1994",0.798888888888889,"1"
"1995",0.98,"1"
"1996",0.968888888888889,"1"
"1997",0.754444444444444,"1"
"1998",0.878888888888889,"1"
"1999",0.881111111111111,"1"
"2000",0.727777777777778,"1"
"2001",0.692222222222222,"1"
"2002",0.692222222222222,"1"
"2003",0.895555555555556,"1"
"2004",0.727777777777778,"1"
"2005",0.855555555555556,"1"
"2006",0.881111111111111,"1"
"2007",0.388888888888889,"1"
"2008",0.703333333333333,"1"
"2009",0.388888888888889,"1"
"2010",0.703333333333333,"1"
"2011",0.704444444444444,"1"
"2012",0.801111111111111,"1"
"2013",0.936666666666667,"1"
"2014",0.388888888888889,"1"
"2015",0.713333333333333,"1"
"2016",0.947777777777778,"1"
"2017",0.34,"1"
"2018",0.942222222222222,"1"
"2019",0.788888888888889,"1"
"2020",0.947777777777778,"1"
"2021",0.936666666666667,"1"
"2022",0.34,"1"
"2023",0.855555555555556,"1"
"2024",0.564444444444444,"1"
"2025",0.823333333333333,"1"
"2026",0.64,"1"
"2027",0.692222222222222,"1"
"2028",0.823333333333333,"1"
"2029",0.628888888888889,"1"
"2030",0.694444444444444,"1"
"2031",0.42,"1"
"2032",0.388888888888889,"1"
"2033",0.692222222222222,"1"
"2034",0.936666666666667,"1"
"2035",0.692222222222222,"1"
"2036",0.763333333333333,"1"
"2037",0.64,"1"
"2038",0.988888888888889,"1"
"2039",0.988888888888889,"1"
"2040",0.942222222222222,"1"
"2041",0.807777777777778,"1"
"2042",0.654444444444444,"1"
"2043",0.517777777777778,"1"
"2044",0.607777777777778,"1"
"2045",0.288888888888889,"1"
"2046",0.42,"1"
"2047",0.958888888888889,"1"
"2048",0.943333333333333,"1"
"2049",0.807777777777778,"1"
"2050",0.94,"1"
"2051",0.906666666666667,"1"
"2052",0.42,"1"
"2053",0.67,"1"
"2054",0.694444444444444,"1"
"2055",0.607777777777778,"1"
"2056",0.607777777777778,"1"
"2057",0.886666666666667,"1"
"2058",0.906666666666667,"1"
"2059",0.737777777777778,"1"
"2060",0.933333333333333,"1"
"2061",0.958888888888889,"1"
"2062",0.876666666666667,"1"
"2063",0.737777777777778,"1"
"2064",0.933333333333333,"1"
"2065",0.755555555555556,"1"
"2066",0.454444444444444,"1"
"2067",0.647777777777778,"1"
"2068",0.876666666666667,"1"
"2069",0.933333333333333,"1"
"2070",0.886666666666667,"1"
"2071",0.906666666666667,"1"
"2072",0.511111111111111,"1"
"2073",0.933333333333333,"1"
"2074",0.906666666666667,"1"
"2075",0.943333333333333,"1"
"2076",0.943333333333333,"1"
"2077",0.943333333333333,"1"
"2078",0.282222222222222,"1"
"2079",0.876666666666667,"1"
"2080",0.576666666666667,"1"
"2081",0.546666666666667,"1"
"2082",0.902222222222222,"1"
"2083",0.755555555555556,"1"
"2084",0.282222222222222,"1"
"2085",0.645555555555556,"1"
"2086",0.645555555555556,"1"
"2087",0.908888888888889,"1"
"2088",0.873333333333333,"1"
"2089",0.684444444444444,"1"
"2090",0.787777777777778,"1"
"2091",0.273333333333333,"1"
"2092",0.748888888888889,"1"
"2093",0.923333333333333,"1"
"2094",0.923333333333333,"1"
"2095",0.902222222222222,"1"
"2096",0.546666666666667,"1"
"2097",0.943333333333333,"1"
"2098",0.546666666666667,"1"
"2099",0.546666666666667,"1"
"2100",0.838888888888889,"1"
"2101",0.787777777777778,"1"
"2102",0.748888888888889,"1"
"2103",0.288888888888889,"1"
"2104",0.288888888888889,"1"
"2105",0.511111111111111,"1"
"2106",0.29,"1"
"2107",0.873333333333333,"1"
"2108",0.748888888888889,"1"
"2109",0.55,"1"
"2110",0.881111111111111,"1"
"2111",0.978888888888889,"1"
"2112",0.881111111111111,"1"
"2113",0.937777777777778,"1"
"2114",0.685555555555556,"1"
"2115",0.462222222222222,"1"
"2116",0.388888888888889,"1"
"2117",0.881111111111111,"1"
"2118",0.685555555555556,"1"
"2119",0.645555555555556,"1"
"2120",0.902222222222222,"1"
"2121",0.645555555555556,"1"
"2122",0.667777777777778,"1"
"2123",0.277777777777778,"1"
"2124",0.648888888888889,"1"
"2125",0.283333333333333,"1"
"2126",0.667777777777778,"1"
"2127",0.917777777777778,"1"
"2128",0.3,"1"
"2129",0.917777777777778,"1"
"2130",0.667777777777778,"1"
"2131",0.787777777777778,"1"
"2132",0.71,"1"
"2133",0.277777777777778,"1"
"2134",0.937777777777778,"1"
"2135",0.917777777777778,"1"
"2136",0.577777777777778,"1"
"2137",0.88,"1"
"2138",0.716666666666667,"1"
"2139",0.71,"1"
"2140",0.277777777777778,"1"
"2141",0.667777777777778,"1"
"2142",0.577777777777778,"1"
"2143",0.922222222222222,"1"
"2144",0.922222222222222,"1"
"2145",0.917777777777778,"1"
"2146",0.488888888888889,"1"
"2147",0.787777777777778,"1"
"2148",0.922222222222222,"1"
"2149",0.388888888888889,"1"
"2150",0.87,"1"
"2151",0.88,"1"
"2152",0.882222222222222,"1"
"2153",0.746666666666667,"1"
"2154",0.922222222222222,"1"
"2155",0.786666666666667,"1"
"2156",0.567777777777778,"1"
"2157",0.892222222222222,"1"
"2158",0.495555555555556,"1"
"2159",0.604444444444444,"1"
"2160",0.892222222222222,"1"
"2161",0.782222222222222,"1"
"2162",0.786666666666667,"1"
"2163",0.42,"1"
"2164",0.746666666666667,"1"
"2165",0.433333333333333,"1"
"2166",0.781111111111111,"1"
"2167",0.908888888888889,"1"
"2168",0.858888888888889,"1"
"2169",0.636666666666667,"1"
"2170",0.413333333333333,"1"
"2171",0.746666666666667,"1"
"2172",0.388888888888889,"1"
"2173",0.636666666666667,"1"
"2174",0.755555555555556,"1"
"2175",0.786666666666667,"1"
"2176",0.455555555555556,"1"
"2177",0.786666666666667,"1"
"2178",0.782222222222222,"1"
"2179",0.63,"1"
"2180",0.237777777777778,"1"
"2181",0.636666666666667,"1"
"2182",0.604444444444444,"1"
"2183",0.653333333333333,"1"
"2184",0.892222222222222,"1"
"2185",0.565555555555556,"1"
"2186",0.868888888888889,"1"
"2187",0.908888888888889,"1"
"2188",0.782222222222222,"1"
"2189",0.787777777777778,"1"
"2190",0.565555555555556,"1"
"2191",0.53,"1"
"2192",0.884444444444444,"1"
"2193",0.868888888888889,"1"
"2194",0.53,"1"
"2195",0.776666666666667,"1"
"2196",0.938888888888889,"1"
"2197",0.504444444444444,"1"
"2198",0.338888888888889,"1"
"2199",0.355555555555556,"1"
"2200",0.338888888888889,"1"
"2201",0.64,"1"
"2202",0.884444444444444,"1"
"2203",0.355555555555556,"1"
"2204",0.424444444444444,"1"
"2205",0.931111111111111,"1"
"2206",0.64,"1"
"2207",0.885555555555556,"1"
"2208",0.384444444444444,"1"
"2209",0.64,"1"
"2210",0.568888888888889,"1"
"2211",0.618888888888889,"1"
"2212",0.872222222222222,"1"
"2213",0.684444444444444,"1"
"2214",0.872222222222222,"1"
"2215",0.858888888888889,"1"
"2216",0.846666666666667,"1"
"2217",0.776666666666667,"1"
"2218",0.81,"1"
"2219",0.858888888888889,"1"
"2220",0.846666666666667,"1"
"2221",0.364444444444444,"1"
"2222",0.846666666666667,"1"
"2223",0.503333333333333,"1"
"2224",0.484444444444444,"1"
"2225",0.574444444444444,"1"
"2226",0.638888888888889,"1"
"2227",0.728888888888889,"1"
"2228",0.76,"1"
"2229",0.503333333333333,"1"
"2230",0.842222222222222,"1"
"2231",0.301111111111111,"1"
"2232",0.894444444444444,"1"
"2233",0.764444444444444,"1"
"2234",0.76,"1"
"2235",0.76,"1"
"2236",0.764444444444444,"1"
"2237",0.905555555555556,"1"
"2238",0.76,"1"
"2239",0.574444444444444,"1"
"2240",0.102222222222222,"1"
"2241",0.914444444444444,"1"
"2242",0.905555555555556,"1"
"2243",0.442222222222222,"1"
"2244",0.788888888888889,"1"
"2245",0.545555555555556,"1"
"2246",0.963333333333333,"1"
"2247",0.487777777777778,"1"
"2248",0.487777777777778,"1"
"2249",0.943333333333333,"1"
"2250",0.943333333333333,"1"
"2251",0.798888888888889,"1"
"2252",0.963333333333333,"1"
"2253",0.68,"1"
"2254",0.257777777777778,"1"
"2255",0.833333333333333,"1"
"2256",0.68,"1"
"2257",0.762222222222222,"1"
"2258",0.824444444444444,"1"
"2259",0.494444444444444,"1"
"2260",0.681111111111111,"1"
"2261",0.824444444444444,"1"
"2262",0.524444444444444,"1"
"2263",0.581111111111111,"1"
"2264",0.581111111111111,"1"
"2265",0.494444444444444,"1"
"2266",0.581111111111111,"1"
"2267",0.364444444444444,"1"
"2268",0.402222222222222,"1"
"2269",0.517777777777778,"1"
"2270",0.652222222222222,"1"
"2271",0.373333333333333,"1"
"2272",0.458888888888889,"1"
"2273",0.373333333333333,"1"
"2274",0.373333333333333,"1"
"2275",0.723333333333333,"1"
"2276",0.534444444444444,"1"
"2277",0.606666666666667,"1"
"2278",0.606666666666667,"1"
"2279",0.686666666666667,"1"
"2280",0.723333333333333,"1"
"2281",0.723333333333333,"1"
"2282",0.513333333333333,"1"
"2283",0.756666666666667,"1"
"2284",0.756666666666667,"1"
"2285",0.648888888888889,"1"
"2286",0.648888888888889,"1"
"2287",0.296666666666667,"1"
"2288",0.334444444444444,"1"
"2289",0.534444444444444,"1"
"2290",0.562222222222222,"1"
"2291",0.47,"1"
"2292",0.517777777777778,"1"
"2293",0.573333333333333,"1"
"2294",0.656666666666667,"1"
"2295",0.4,"1"
"2296",0.623333333333333,"1"
"2297",0.273333333333333,"1"
"2298",0.575555555555556,"1"
"2299",0.575555555555556,"1"
"2300",0.394444444444444,"1"
"2301",0.396666666666667,"1"
"2302",0.521111111111111,"1"
"2303",0.475555555555556,"1"
"2304",0.623333333333333,"1"
"2305",0.551111111111111,"1"
"2306",0.475555555555556,"1"
"2307",0.848888888888889,"1"
"2308",0.537777777777778,"1"
"2309",0.634444444444444,"1"
"2310",0.612222222222222,"1"
"2311",0.551111111111111,"1"
"2312",0.341111111111111,"1"
"2313",0.724444444444444,"1"
"2314",0.724444444444444,"1"
"2315",0.514444444444444,"1"
"2316",0.475555555555556,"1"
"2317",0.564444444444444,"1"
"2318",0.612222222222222,"1"
"2319",0.515555555555556,"1"
"2320",0.564444444444444,"1"
"2321",0.564444444444444,"1"
"2322",0.564444444444444,"1"
"2323",0.52,"1"
"2324",0.341111111111111,"1"
"2325",0.65,"1"
"2326",0.65,"1"
"2327",0.826666666666667,"1"
"2328",0.646666666666667,"1"
"2329",0.705555555555556,"1"
"2330",0.724444444444444,"1"
"2331",0.581111111111111,"1"
"2332",0.646666666666667,"1"
"2333",0.345555555555556,"1"
"2334",0.646666666666667,"1"
"2335",0.49,"1"
"2336",0.725555555555556,"1"
"2337",0.873333333333333,"1"
"2338",0.637777777777778,"1"
"2339",0.581111111111111,"1"
"2340",0.637777777777778,"1"
"2341",0.546666666666667,"1"
"2342",0.705555555555556,"1"
"2343",0.572222222222222,"1"
"2344",0.687777777777778,"1"
"2345",0.49,"1"
"2346",0.687777777777778,"1"
"2347",0.794444444444444,"1"
"2348",0.304444444444444,"1"
"2349",0.515555555555556,"1"
"2350",0.515555555555556,"1"
"2351",0.254444444444444,"1"
"2352",0.856666666666667,"1"
"2353",0.637777777777778,"1"
"2354",0.49,"1"
"2355",0.688888888888889,"1"
"2356",0.304444444444444,"1"
"2357",0.675555555555556,"1"
"2358",0.675555555555556,"1"
"2359",0.497777777777778,"1"
"2360",0.255555555555556,"1"
"2361",0.871111111111111,"1"
"2362",0.637777777777778,"1"
"2363",0.777777777777778,"1"
"2364",0.492222222222222,"1"
"2365",0.735555555555556,"1"
"2366",0.621111111111111,"1"
"2367",0.365555555555556,"1"
"2368",0.672222222222222,"1"
"2369",0.672222222222222,"1"
"2370",0.834444444444444,"1"
"2371",0.673333333333333,"1"
"2372",0.673333333333333,"1"
"2373",0.492222222222222,"1"
"2374",0.492222222222222,"1"
"2375",0.492222222222222,"1"
"2376",0.862222222222222,"1"
"2377",0.767777777777778,"1"
"2378",0.43,"1"
"2379",0.43,"1"
"2380",0.711111111111111,"1"
"2381",0.393333333333333,"1"
"2382",0.711111111111111,"1"
"2383",0.767777777777778,"1"
"2384",0.561111111111111,"1"
"2385",0.468888888888889,"1"
"2386",0.505555555555556,"1"
"2387",0.767777777777778,"1"
"2388",0.767777777777778,"1"
"2389",0.505555555555556,"1"
"2390",0.651111111111111,"1"
"2391",0.867777777777778,"1"
"2392",0.955555555555556,"1"
"2393",0.43,"1"
"2394",0.576666666666667,"1"
"2395",0.772222222222222,"1"
"2396",0.526666666666667,"1"
"2397",0.888888888888889,"1"
"2398",0.384444444444444,"1"
"2399",0.353333333333333,"1"
"2400",0.431111111111111,"1"
"2401",0.341111111111111,"1"
"2402",0.641111111111111,"1"
"2403",0.441111111111111,"1"
"2404",0.441111111111111,"1"
"2405",0.815555555555556,"1"
"2406",0.384444444444444,"1"
"2407",0.557777777777778,"1"
"2408",0.661111111111111,"1"
"2409",0.765555555555556,"1"
"2410",0.765555555555556,"1"
"2411",0.765555555555556,"1"
"2412",0.565555555555556,"1"
"2413",0.728888888888889,"1"
"2414",0.728888888888889,"1"
"2415",0.565555555555556,"1"
"2416",0.431111111111111,"1"
"2417",0.697777777777778,"1"
"2418",0.561111111111111,"1"
"2419",0.465555555555556,"1"
"2420",0.888888888888889,"1"
"2421",0.888888888888889,"1"
"2422",0.374444444444444,"1"
"2423",0.697777777777778,"1"
"2424",0.561111111111111,"1"
"2425",0.438888888888889,"1"
"2426",0.561111111111111,"1"
"2427",0.8,"1"
"2428",0.947777777777778,"1"
"2429",0.59,"1"
"2430",0.903333333333333,"1"
"2431",0.601111111111111,"1"
"2432",0.601111111111111,"1"
"2433",0.947777777777778,"1"
"2434",0.902222222222222,"1"
"2435",0.711111111111111,"1"
"2436",0.903333333333333,"1"
"2437",0.902222222222222,"1"
"2438",0.0888888888888889,"1"
"2439",0.903333333333333,"1"
"2440",0.0888888888888889,"1"
"2441",0.555555555555556,"1"
"2442",0.555555555555556,"1"
"2443",0.711111111111111,"1"
"2444",0.415555555555556,"1"
"2445",0.637777777777778,"1"
"2446",0.676666666666667,"1"
"2447",0.845555555555556,"1"
"2448",0.415555555555556,"1"
"2449",0.596666666666667,"1"
"2450",0.885555555555556,"1"
"2451",0.604444444444444,"1"
"2452",0.604444444444444,"1"
"2453",0.76,"1"
"2454",0.535555555555556,"1"
"2455",0.885555555555556,"1"
"2456",0.958888888888889,"1"
"2457",0.676666666666667,"1"
"2458",0.958888888888889,"1"
"2459",0.885555555555556,"1"
"2460",0.764444444444444,"1"
"2461",0.958888888888889,"1"
"2462",0.958888888888889,"1"
"2463",0.958888888888889,"1"
"2464",0.663333333333333,"1"
"2465",0.86,"1"
"2466",0.297777777777778,"1"
"2467",0.663333333333333,"1"
"2468",0.575555555555556,"1"
"2469",0.358888888888889,"1"
"2470",0.46,"1"
"2471",0.443333333333333,"1"
"2472",0.601111111111111,"1"
"2473",0.203333333333333,"1"
"2474",0.597777777777778,"1"
"2475",0.601111111111111,"1"
"2476",0.448888888888889,"1"
"2477",0.0944444444444444,"1"
"2478",0.0944444444444444,"1"
"2479",0.386666666666667,"1"
"2480",0.606666666666667,"1"
"2481",0.583333333333333,"1"
"2482",0.386666666666667,"1"
"2483",0.193333333333333,"1"
"2484",0.706666666666667,"1"
"2485",0.606666666666667,"1"
"2486",0.597777777777778,"1"
"2487",0.606666666666667,"1"
"2488",0.661111111111111,"1"
"2489",0.44,"1"
"2490",0.00555555555555556,"1"
"2491",0.00555555555555556,"1"
"2492",0.431111111111111,"1"
"2493",0.675555555555556,"1"
"2494",0.711111111111111,"1"
"2495",0.675555555555556,"1"
"2496",0.461111111111111,"1"
"2497",0.367777777777778,"1"
"2498",0.461111111111111,"1"
"2499",0.443333333333333,"1"
"2500",0.443333333333333,"1"
"2501",0.887777777777778,"1"
"2502",0.701111111111111,"1"
"2503",0.483333333333333,"1"
"2504",0.587777777777778,"1"
"2505",0.887777777777778,"1"
"2506",0.596666666666667,"1"
"2507",0.596666666666667,"1"
"2508",0.5,"1"
"2509",0.428888888888889,"1"
"2510",0.663333333333333,"1"
"2511",0.403333333333333,"1"
"2512",0.403333333333333,"1"
"2513",0.702222222222222,"1"
"2514",0.753333333333333,"1"
"2515",0.753333333333333,"1"
"2516",0.432222222222222,"1"
"2517",0.02,"1"
"2518",0.348888888888889,"1"
"2519",0.711111111111111,"1"
"2520",0.114444444444444,"1"
"2521",0.231111111111111,"1"
"2522",0.63,"1"
"2523",0.34,"1"
"2524",0.154444444444444,"1"
"2525",0.34,"1"
"2526",0.345555555555556,"1"
"2527",0.586666666666667,"1"
"2528",0.411111111111111,"1"
"2529",0.151111111111111,"1"
"2530",0.732222222222222,"1"
"2531",0.151111111111111,"1"
"2532",0.75,"1"
"2533",0.354444444444444,"1"
"2534",0.402222222222222,"1"
"2535",0.557777777777778,"1"
"2536",0.646666666666667,"1"
"2537",0.636666666666667,"1"
"2538",0.446666666666667,"1"
"2539",0.333333333333333,"1"
"2540",0.416666666666667,"1"
"2541",0.447777777777778,"1"
"2542",0.386666666666667,"1"
"2543",0.614444444444444,"1"
"2544",0.527777777777778,"1"
"2545",0.504444444444444,"1"
"2546",0.614444444444444,"1"
"2547",0.367777777777778,"1"
"2548",0.614444444444444,"1"
"2549",0.622222222222222,"1"
"2550",0.388888888888889,"1"
"2551",0.566666666666667,"1"
"2552",0.588888888888889,"1"
"2553",0.383333333333333,"1"
"2554",0.383333333333333,"1"
"2555",0.566666666666667,"1"
"2556",0.597777777777778,"1"
"2557",0.487777777777778,"1"
"2558",0.441111111111111,"1"
"2559",0.487777777777778,"1"
"2560",0.362222222222222,"1"
"2561",0.487777777777778,"1"
"2562",0.311111111111111,"1"
"2563",0.596666666666667,"1"
"2564",0.384444444444444,"1"
"2565",0.736666666666667,"1"
"2566",0.384444444444444,"1"
"2567",0.331111111111111,"1"
"2568",0.613333333333333,"1"
"2569",0.506666666666667,"1"
"2570",0.613333333333333,"1"
"2571",0.616666666666667,"1"
"2572",0.673333333333333,"1"
"2573",0.382222222222222,"1"
"2574",0.574444444444444,"1"
"2575",0.394444444444444,"1"
"2576",0.574444444444444,"1"
"2577",0.696666666666667,"1"
"2578",0.574444444444444,"1"
"2579",0.685555555555556,"1"
"2580",0.527777777777778,"1"
"2581",0.527777777777778,"1"
"2582",0.527777777777778,"1"
"2583",0.527777777777778,"1"
"2584",0.685555555555556,"1"
"2585",0.527777777777778,"1"
"2586",0.564444444444444,"1"
"2587",0.621111111111111,"1"
"2588",0.777777777777778,"1"
"2589",0.683333333333333,"1"
"2590",0.325555555555556,"1"
"2591",0.711111111111111,"1"
"2592",0.711111111111111,"1"
"2593",0.683333333333333,"1"
"2594",0.683333333333333,"1"
"2595",0.683333333333333,"1"
"2596",0.58,"1"
"2597",0.683333333333333,"1"
"2598",0.277777777777778,"1"
"2599",0.277777777777778,"1"
"2600",0.683333333333333,"1"
"2601",0.777777777777778,"1"
"2602",0.797777777777778,"1"
"2603",0.797777777777778,"1"
"2604",0.593333333333333,"1"
"2605",0.776666666666667,"1"
"2606",0.743333333333333,"1"
"2607",0.776666666666667,"1"
"2608",0.653333333333333,"1"
"2609",0.743333333333333,"1"
"2610",0.743333333333333,"1"
"2611",0.768888888888889,"1"
"2612",0.593333333333333,"1"
"2613",0.776666666666667,"1"
"2614",0.632222222222222,"1"
"2615",0.632222222222222,"1"
"2616",0.632222222222222,"1"
"2617",0.282222222222222,"1"
"2618",0.733333333333333,"1"
"2619",0.776666666666667,"1"
"2620",0.811111111111111,"1"
"2621",0.733333333333333,"1"
"2622",0.614444444444444,"1"
"2623",0.614444444444444,"1"
"2624",0.632222222222222,"1"
"2625",0.614444444444444,"1"
"2626",0.614444444444444,"1"
"2627",0.614444444444444,"1"
"2628",0.736666666666667,"1"
"2629",0.871111111111111,"1"
"2630",0.736666666666667,"1"
"2631",0.623333333333333,"1"
"2632",0.568888888888889,"1"
"2633",0.623333333333333,"1"
"2634",0.614444444444444,"1"
"2635",0.736666666666667,"1"
"2636",0.614444444444444,"1"
"2637",0.623333333333333,"1"
"2638",0.67,"1"
"2639",0.643333333333333,"1"
"2640",0.643333333333333,"1"
"2641",0.283333333333333,"1"
"2642",0.305555555555556,"1"
"2643",0.387777777777778,"1"
"2644",0.67,"1"
"2645",0.623333333333333,"1"
"2646",0.283333333333333,"1"
"2647",0.67,"1"
"2648",0.691111111111111,"1"
"2649",0.752222222222222,"1"
"2650",0.691111111111111,"1"
"2651",0.773333333333333,"1"
"2652",0.652222222222222,"1"
"2653",0.652222222222222,"1"
"2654",0.652222222222222,"1"
"2655",0.784444444444444,"1"
"2656",0.654444444444444,"1"
"2657",0.691111111111111,"1"
"2658",0.691111111111111,"1"
"2659",0.677777777777778,"1"
"2660",0.652222222222222,"1"
"2661",0.773333333333333,"1"
"2662",0.468888888888889,"1"
"2663",0.545555555555556,"1"
"2664",0.691111111111111,"1"
"2665",0.817777777777778,"1"
"2666",0.871111111111111,"1"
"2667",0.545555555555556,"1"
"2668",0.545555555555556,"1"
"2669",0.555555555555556,"1"
"2670",0.697777777777778,"1"
"2671",0.871111111111111,"1"
"2672",0.691111111111111,"1"
"2673",0.197777777777778,"1"
"2674",0.802222222222222,"1"
"2675",0.693333333333333,"1"
"2676",0.802222222222222,"1"
"2677",0.673333333333333,"1"
"2678",0.703333333333333,"1"
"2679",0.595555555555556,"1"
"2680",0.595555555555556,"1"
"2681",0.796666666666667,"1"
"2682",0.771111111111111,"1"
"2683",0.618888888888889,"1"
"2684",0.638888888888889,"1"
"2685",0.685555555555556,"1"
"2686",0.197777777777778,"1"
"2687",0.847777777777778,"1"
"2688",0.796666666666667,"1"
"2689",0.753333333333333,"1"
"2690",0.321111111111111,"1"
"2691",0.547777777777778,"1"
"2692",0.796666666666667,"1"
"2693",0.413333333333333,"1"
"2694",0.518888888888889,"1"
"2695",0.577777777777778,"1"
"2696",0.685555555555556,"1"
"2697",0.685555555555556,"1"
"2698",0.427777777777778,"1"
"2699",0.826666666666667,"1"
"2700",0.858888888888889,"1"
"2701",0.413333333333333,"1"
"2702",0.826666666666667,"1"
"2703",0.858888888888889,"1"
"2704",0.46,"1"
"2705",0.834444444444444,"1"
"2706",0.678888888888889,"1"
"2707",0.678888888888889,"1"
"2708",0.805555555555556,"1"
"2709",0.805555555555556,"1"
"2710",0.525555555555556,"1"
"2711",0.492222222222222,"1"
"2712",0.24,"1"
"2713",0.508888888888889,"1"
"2714",0.32,"1"
"2715",0.883333333333333,"1"
"2716",0.423333333333333,"1"
"2717",0.32,"1"
"2718",0.883333333333333,"1"
"2719",0.423333333333333,"1"
"2720",0.664444444444444,"1"
"2721",0.883333333333333,"1"
"2722",0.748888888888889,"1"
"2723",0.748888888888889,"1"
"2724",0.456666666666667,"1"
"2725",0.511111111111111,"1"
"2726",0.694444444444444,"1"
"2727",0.664444444444444,"1"
"2728",0.848888888888889,"1"
"2729",0.243333333333333,"1"
"2730",0.466666666666667,"1"
"2731",0.511111111111111,"1"
"2732",0.812222222222222,"1"
"2733",0.883333333333333,"1"
"2734",0.466666666666667,"1"
"2735",0.713333333333333,"1"
"2736",0.746666666666667,"1"
"2737",0.746666666666667,"1"
"2738",0.463333333333333,"1"
"2739",0.463333333333333,"1"
"2740",0.674444444444444,"1"
"2741",0.68,"1"
"2742",0.68,"1"
"2743",0.758888888888889,"1"
"2744",0.674444444444444,"1"
"2745",0.684444444444444,"1"
"2746",0.253333333333333,"1"
"2747",0.91,"1"
"2748",0.241111111111111,"1"
"2749",0.51,"1"
"2750",0.454444444444444,"1"
"2751",0.43,"1"
"2752",0.495555555555556,"1"
"2753",0.557777777777778,"1"
"2754",0.383333333333333,"1"
"2755",0.594444444444444,"1"
"2756",0.597777777777778,"1"
"2757",0.7,"1"
"2758",0.374444444444444,"1"
"2759",0.94,"1"
"2760",0.597777777777778,"1"
"2761",0.671111111111111,"1"
"2762",0.418888888888889,"1"
"2763",0.7,"1"
"2764",0.7,"1"
"2765",0.345555555555556,"1"
"2766",0.474444444444444,"1"
"2767",0.588888888888889,"1"
"2768",0.621111111111111,"1"
"2769",0.564444444444444,"1"
"2770",0.608888888888889,"1"
"2771",0.662222222222222,"1"
"2772",0.374444444444444,"1"
"2773",0.664444444444444,"1"
"2774",0.561111111111111,"1"
"2775",0.674444444444444,"1"
"2776",0.265555555555556,"1"
"2777",0.658888888888889,"1"
"2778",0.694444444444444,"1"
"2779",0.694444444444444,"1"
"2780",0.694444444444444,"1"
"2781",0.803333333333333,"1"
"2782",0.818888888888889,"1"
"2783",0.695555555555556,"1"
"2784",0.733333333333333,"1"
"2785",0.662222222222222,"1"
"2786",0.336666666666667,"1"
"2787",0.336666666666667,"1"
"2788",0.766666666666667,"1"
"2789",0.524444444444444,"1"
"2790",0.616666666666667,"1"
"2791",0.842222222222222,"1"
"2792",0.958888888888889,"1"
"2793",0.695555555555556,"1"
"2794",0.374444444444444,"1"
"2795",0.766666666666667,"1"
"2796",0.366666666666667,"1"
"2797",0.733333333333333,"1"
"2798",0.888888888888889,"1"
"2799",0.753333333333333,"1"
"2800",0.877777777777778,"1"
"2801",0.58,"1"
"2802",0.78,"1"
"2803",0.678888888888889,"1"
"2804",0.678888888888889,"1"
"2805",0.78,"1"
"2806",0.78,"1"
"2807",0.78,"1"
"2808",0.888888888888889,"1"
"2809",0.864444444444444,"1"
"2810",0.864444444444444,"1"
"2811",0.823333333333333,"1"
"2812",0.823333333333333,"1"
"2813",0.823333333333333,"1"
"2814",0.51,"1"
"2815",0.503333333333333,"1"
"2816",0.594444444444444,"1"
"2817",0.897777777777778,"1"
"2818",0.152222222222222,"1"
"2819",0.166666666666667,"1"
"2820",0.261111111111111,"1"
"2821",0.482222222222222,"1"
"2822",0.897777777777778,"1"
"2823",0.524444444444444,"1"
"2824",0.298888888888889,"1"
"2825",0.246666666666667,"1"
"2826",0.374444444444444,"1"
"2827",0.227777777777778,"1"
"2828",0.374444444444444,"1"
"2829",0.227777777777778,"1"
"2830",0.374444444444444,"1"
"2831",0.471111111111111,"1"
"2832",0.892222222222222,"1"
"2833",0.868888888888889,"1"
"2834",0.767777777777778,"1"
"2835",0.564444444444444,"1"
"2836",0.564444444444444,"1"
"2837",0.452222222222222,"1"
"2838",0.452222222222222,"1"
"2839",0.564444444444444,"1"
"2840",0.452222222222222,"1"
"2841",0.564444444444444,"1"
"2842",0.676666666666667,"1"
"2843",0.676666666666667,"1"
"2844",0.676666666666667,"1"
"2845",0.581111111111111,"1"
"2846",0.581111111111111,"1"
"2847",0.984444444444444,"1"
"2848",0.845555555555556,"1"
"2849",0.581111111111111,"1"
"2850",0.776666666666667,"1"
"2851",0.328888888888889,"1"
"2852",0.373333333333333,"1"
"2853",0.322222222222222,"1"
"2854",0.21,"1"
"2855",0.00777777777777778,"1"
"2856",0.00777777777777778,"1"
"2857",0.335555555555556,"1"
"2858",0.377777777777778,"1"
"2859",0.127777777777778,"1"
"2860",0.158888888888889,"1"
"2861",0.314444444444444,"1"
"2862",0.304444444444444,"1"
"2863",0.158888888888889,"1"
"2864",0.123333333333333,"1"
"2865",0.275555555555556,"1"
"2866",0.174444444444444,"1"
"2867",0.275555555555556,"1"
"2868",0.191111111111111,"1"
"2869",0.191111111111111,"1"
"2870",0.22,"1"
"2871",0.22,"1"
"2872",0.0833333333333333,"1"
"2873",0.0655555555555556,"1"
"2874",0.133333333333333,"1"
"2875",0.0833333333333333,"1"
"2876",0.22,"1"
"2877",0.176666666666667,"1"
"2878",0.188888888888889,"1"
